site.1,site,size,y1,y2,y3,y4,y5,y6,y7,y8,y9,y10,avg_mort,lgs,lgs_corr,se,upper,lower,ln_size,size_corr,ln_size_corr,ln_size_corr_2_3,mgs_c,mgs_k,kt_mgs,size_corr_theta,size_corr_sma,ln_size_corr_sma,sma_slope,size_corr_sma_ignore,ln_size_corr_sma_ignore,,mu_kt,mu_ekt,ln_mu_kt,ln_mu_ekt,wood_density_mean,sla_no_pet_mean,sla_mean,lma_mean,lcc_mean,lnc_mean,cn_mean,lpc_mean,np_mean,mat,trait_comp_mean,e_kt_mgs,wood_density,sla,lma,lcc,lnc,lpc,pn,trait_comp,size_corr_mort,temp_corr_mort,wd_corr_mort,lma_corr_mort,pn_corr_mort,trait_corr_mort,intercept
AND.1,AND,0.5,0.040102352,0.01815481,0.041706661,0.054530215,0.114438347,0.072346925,,,,,0.056879885,6,0.009479981,0.002270803,0.011750784,0.007209178,-0.693147181,0.018820246,-3.972822054,-5.128067355,13.80514,286.95514,40.44174614,0.005699324,,,-0.7340933,,,,,,,,0.513700031,77.43426594,77.20841863,0.014275585,47.8987587,1.113434515,44.42538637,0.1903946,8.828741346,8.773487,19.74075864,3.58E+17,0.536819725,118.8576749,0.008413424,48.18692242,1.432360287,0.122199975,0.085313713,16.168686,0.000590978,0.000369357,0.000593626,0.044249825,3.18E-05,0.000372293,-4.531696
AND.1,AND,1.5,0.024204112,0.016978337,0.032286812,0.024877469,0.083094024,0.031350849,,,,,0.035465267,6,0.005910878,0.001631919,0.007542796,0.004278959,0.405465108,0.003593731,-5.628564443,-4.952789263,13.80514,286.95514,40.44174614,0.007960116,0.003676849,-5.605699034,-0.7340933,0.007942771,-4.835493084,,0.000133627,1.48E-20,-8.920458631,-45.6623422,0.513700031,77.43426594,77.20841863,0.014275585,47.8987587,1.113434515,44.42538637,0.1903946,8.828741346,8.773487,19.74075864,3.58E+17,0.533183467,123.8818252,0.008072209,47.91134275,1.509404314,0.11699655,0.077511737,15.38925367,0.000387144,0.000503302,0.000813035,0.06284554,3.93E-05,0.000507302,-4.531696
AND.1,AND,2.5,0.011400195,0.005633818,0.029650764,0.027475016,0.067639509,0.012758031,,,,,0.025759556,6,0.004293259,0.001537281,0.00583054,0.002755978,0.916290732,0.001442415,-6.541436578,-5.014285358,13.80514,286.95514,40.44174614,0.008412251,0.001509358,-6.496070915,-0.7340933,0.008604067,-4.755520227,,8.91E-05,9.84E-21,-9.325658143,-46.06754171,0.513700031,77.43426594,77.20841863,0.014275585,47.8987587,1.113434515,44.42538637,0.1903946,8.828741346,8.773487,19.74075864,3.58E+17,0.524699627,91.27342457,0.010956092,49.0405204,1.147116601,0.12192585,0.106288977,15.73618695,0.000274996,0.000502552,0.000821649,0.046234219,5.38E-05,0.000506546,-4.531696
AND.1,AND,3.5,0.010668618,0.011299555,0.022351431,0.019380718,0.015245041,0.019138088,,,,,0.016347242,6,0.00272454,0.000322004,0.003046545,0.002402536,1.252762968,0.000139549,-8.87709647,-6.789158189,13.80514,286.95514,40.44174614,0.006834235,0.000891661,-7.022424247,-0.7340933,0.009631428,-4.642723818,,7.25E-05,8.00E-21,-9.532436604,-46.27432017,0.513700031,77.43426594,77.20841863,0.014275585,47.8987587,1.113434515,44.42538637,0.1903946,8.828741346,8.773487,19.74075864,3.58E+17,0.517043315,92.12029024,0.010855372,48.98509806,1.120148432,0.12422015,0.110896151,16.75431114,0.00016391,0.000374868,0.000619686,0.034807449,4.19E-05,0.000377848,-4.531696
AND.1,AND,4.5,0,0.012578782,0.012035042,0.019842207,0.092038367,0.036976401,,,,,0.0289118,6,0.004818633,0.002260724,0.007079357,0.002557909,1.504077397,0.000649519,-7.339277968,-4.832482307,13.80514,286.95514,40.44174614,0.01453593,0.00103288,-6.875404364,-0.7340933,0.017983211,-4.018316698,,0.000106568,1.18E-20,-9.146723103,-45.88860667,0.513700031,77.43426594,77.20841863,0.014275585,47.8987587,1.113434515,44.42538637,0.1903946,8.828741346,8.773487,19.74075864,3.58E+17,0.527539551,89.46713333,0.011177289,49.23096375,1.125171175,0.122365225,0.108752542,15.7185206,0.000308994,0.000835578,0.001360612,0.075350991,9.16E-05,0.00084222,-4.531696
AND.1,AND,5.5,0,0,0,0,0.043239327,0.009541079,,,,,0.008796734,6,0.001466122,0.001177087,0.002643209,0.000289035,1.704748092,0.000779086,-7.157388921,-4.3161421,13.80514,286.95514,40.44174614,0.005124665,0.000207994,-8.478002127,-0.7340933,0.005301698,-5.239728113,,2.60E-05,2.87E-21,-10.55872769,-47.30061126,0.513700031,77.43426594,77.20841863,0.014275585,47.8987587,1.113434515,44.42538637,0.1903946,8.828741346,8.773487,19.74075864,3.58E+17,0.539010986,95.4219829,0.010479765,49.26239437,1.136466291,0.1302162,0.114579905,17.38035662,8.50E-05,0.000262837,0.00042114,0.025279777,3.04E-05,0.000264926,-4.531696
AND.1,AND,6.5,0,0,0.034476154,0,0,0.013449796,,,,,0.007987658,6,0.001331276,0.000955823,0.0022871,0.000375453,1.871802177,0.000160357,-8.738107431,-5.618437136,13.80514,286.95514,40.44174614,0.005260445,0.000272288,-8.208648562,-0.7340933,0.009532531,-4.653045024,,3.98E-05,4.40E-21,-10.13070936,-46.87259293,0.513700031,77.43426594,77.20841863,0.014275585,47.8987587,1.113434515,44.42538637,0.1903946,8.828741346,8.773487,19.74075864,3.58E+17,0.538288368,90.96419596,0.010993336,49.33360864,1.134342638,0.125898625,0.11098818,16.0651938,8.35E-05,0.000288619,0.000462915,0.026462636,3.23E-05,0.000290913,-4.531696
AND.1,AND,7.5,0,0,0,0.03030637,0.049767465,0.021064369,,,,,0.016856367,6,0.002809395,0.00140573,0.004215124,0.001403665,2.014903021,0.000213348,-8.452584162,-5.094412461,13.80514,286.95514,40.44174614,0.012330746,0.000380092,-7.875097813,-0.7340933,0.017463096,-4.047665408,,6.37E-05,7.04E-21,-9.661244182,-46.40312775,0.513700031,77.43426594,77.20841863,0.014275585,47.8987587,1.113434515,44.42538637,0.1903946,8.828741346,8.773487,19.74075864,3.58E+17,0.52067208,84.65410948,0.011812776,49.18661041,1.116982512,0.11765,0.105328417,14.54689774,0.000194662,0.000739974,0.001216835,0.063139755,7.86E-05,0.000745856,-4.531696
AND.1,AND,8.5,0,0,0,0,0.125683754,0.02596466,,,,,0.025274736,6,0.004212456,0.003420756,0.007633212,0.0007917,2.140066163,0.000302554,-8.103249217,-4.536472277,13.80514,286.95514,40.44174614,0.020268218,0.000388313,-7.853697657,-0.7340933,0.022629291,-3.788510152,,7.33E-05,8.10E-21,-9.520966476,-46.26285004,0.513700031,77.43426594,77.20841863,0.014275585,47.8987587,1.113434515,44.42538637,0.1903946,8.828741346,8.773487,19.74075864,3.58E+17,0.526572324,88.32967969,0.011321223,49.21658714,1.122374334,0.122403675,0.109057799,15.58367434,0.000272461,0.001125844,0.001835789,0.100235841,0.000123758,0.001134792,-4.531696
AND.1,AND,9.5,0,0,0,0.028251293,0,0,,,,,0.004708549,6,0.000784758,0.000784758,0.001569516,2.77778E-11,2.251291799,0.000309805,-8.079567628,-4.32741463,13.80514,286.95514,40.44174614,0.004097096,9.51E-05,-9.260197592,-0.7340933,0.006848469,-4.983730141,,2.00E-05,2.20E-21,-10.82182644,-47.56371001,0.513700031,77.43426594,77.20841863,0.014275585,47.8987587,1.113434515,44.42538637,0.1903946,8.828741346,8.773487,19.74075864,3.58E+17,0.52930343,91.09552488,0.010977488,49.20036064,1.127204043,0.124907125,0.110811459,16.26683964,4.86E-05,0.000216396,0.000351486,0.019869347,2.42E-05,0.000218116,-4.531696
AND.1,AND,10.5,0,0,0,0,0,0.050774946,,,,,0.008462491,6,0.001410415,0.001410415,0.00282083,0,2.351375257,7.80E-05,-9.458950631,-5.53999187,13.80514,286.95514,40.44174614,0.007924926,0.000270831,-8.214015898,-0.7340933,0.023578176,-3.747433752,,6.25E-05,6.90E-21,-9.680587397,-46.42247096,0.513700031,77.43426594,77.20841863,0.014275585,47.8987587,1.113434515,44.42538637,0.1903946,8.828741346,8.773487,19.74075864,3.58E+17,0.548338998,95.55415057,0.01046527,49.3735747,1.143498865,0.131392775,0.114904159,17.23052271,8.25E-05,0.000392502,0.000620859,0.03780325,4.55E-05,0.000395621,-4.531696
AND.1,AND,11.5,0,0,0,0.083402882,0,0.055860535,,,,,0.02321057,6,0.003868428,0.002517358,0.006385786,0.001351071,2.442347035,0.000216136,-8.439601226,-4.369022834,13.80514,286.95514,40.44174614,0.023237303,0.000507545,-7.585924822,-0.7340933,0.052521316,-2.946536179,,0.000127666,1.41E-20,-8.966093072,-45.70797664,0.513700031,77.43426594,77.20841863,0.014275585,47.8987587,1.113434515,44.42538637,0.1903946,8.828741346,8.773487,19.74075864,3.58E+17,0.545695052,83.45876625,0.011981965,49.66652981,1.137288413,0.120087925,0.105591443,13.87995871,0.000280921,0.001419967,0.00225426,0.119450632,0.000151128,0.001431253,-4.531696
AND.1,AND,12.5,0,0,0,0,0,0,,,,,,6,,,,,2.525728644,0.00041216,-7.794099794,-3.584552054,13.80514,286.95514,40.44174614,,,,-0.7340933,,,,,0,,,0.513700031,77.43426594,77.20841863,0.014275585,47.8987587,1.113434515,44.42538637,0.1903946,8.828741346,8.773487,19.74075864,3.58E+17,0.52420229,94.94410329,0.010532513,49.01521203,1.12482123,0.127946125,0.113747964,17.53022315,,,,,,,-4.531696
AND.1,AND,13.5,0,0,0.081399364,0,0.114740277,0,,,,,0.03268994,6,0.005448323,0.003519706,0.008968029,0.001928618,2.602689685,0.000277772,-8.188709409,-3.850893267,13.80514,286.95514,40.44174614,0.036815722,0.000474837,-7.652539289,-0.7340933,0.066632029,-2.708569906,,0.000139086,1.54E-20,-8.88041717,-45.62230074,0.513700031,77.43426594,77.20841863,0.014275585,47.8987587,1.113434515,44.42538637,0.1903946,8.828741346,8.773487,19.74075864,3.58E+17,0.562324615,94.29448645,0.010605074,49.62636872,1.151965785,0.1319362,0.114531353,16.63107683,0.000330203,0.00185737,0.002883011,0.17653177,0.000214418,0.001872132,-4.531696
AND.1,AND,15.5,0,0,0,0.151934631,0,0,,,,,0.025322439,6,0.004220407,0.004220406,0.008440813,8.33333E-11,2.740840024,0.000284123,-8.16610426,-3.598037553,13.80514,286.95514,40.44174614,0.031562311,,,-0.7340933,,,,,0,,,0.513700031,77.43426594,77.20841863,0.014275585,47.8987587,1.113434515,44.42538637,0.1903946,8.828741346,8.773487,19.74075864,3.58E+17,0.539062268,89.09431457,0.011224061,49.36342738,1.132059945,0.122843375,0.108513136,15.36749589,0.000276815,0.001707283,0.002735361,0.153318244,0.000186735,0.001720853,-4.531696
AND.1,AND,16.5,0,0,0,0,0,0,,,,,,6,,,,,2.803360381,0,,,13.80514,286.95514,40.44174614,,,,-0.7340933,,,,,0,,,0.513700031,77.43426594,77.20841863,0.014275585,47.8987587,1.113434515,44.42538637,0.1903946,8.828741346,8.773487,19.74075864,3.58E+17,0.569674135,92.05020049,0.010863637,49.79912394,1.158581909,0.130532225,0.112665513,15.81597101,,,,,,,-4.531696
BCI.1,BCI,0.5,0.048204384,0.045941077,0.045378933,0.056732937,0.075282267,,,,,,0.05430792,7.594521,0.007150934,0.000740651,0.007891585,0.006410283,-0.693147181,0.01282096,-4.356673985,-5.511919286,25.6136,298.7636,38.84330931,0.004759076,,,-0.4249463,,,,,,,,0.530760028,220.9318665,148.7045185,0.007566217,47.59523875,2.693645,20.2818625,0.115020125,38.94682947,25.71382,9.075718719,6.85E+16,0.615909592,300.0474858,0.003332806,42.50945933,2.608026345,0.09287388,0.035610791,15.36858497,0.000419175,0.000261893,0.000379814,0.079231646,9.40E-06,0.000264064,-4.781607
BCI.1,BCI,1.5,0.071561221,0.032089098,0.038410342,0.058727111,0.059901501,,,,,,0.052137855,7.594521,0.006865193,0.000963722,0.007828915,0.005901471,0.405465108,0.004105302,-5.495476087,-4.819700907,25.6136,298.7636,38.84330931,0.007287248,0.005289274,-5.242074229,-0.4249463,0.009367937,-4.670462333,,0.000181219,9.51E-20,-8.615804124,-43.79957759,0.530760028,220.9318665,148.7045185,0.007566217,47.59523875,2.693645,20.2818625,0.115020125,38.94682947,25.71382,9.075718719,6.85E+16,0.619088377,156.3021427,0.006397865,41.15464342,2.647893201,0.088958971,0.033596133,7.523843086,0.000822015,0.001068289,0.001543331,0.16835987,3.62E-05,0.001077144,-4.781607
BCI.1,BCI,2.5,0.035576189,0.036628671,0.026585579,0.058885696,0.04875122,,,,,,0.041285471,7.594521,0.005436218,0.000742455,0.006178673,0.004693763,0.916290732,0.001948974,-6.240452161,-4.713300941,25.6136,298.7636,38.84330931,0.007169378,0.002899092,-5.843357538,-0.4249463,0.010550312,-4.551599819,,0.00014238,7.47E-20,-8.857014522,-44.04078799,0.530760028,220.9318665,148.7045185,0.007566217,47.59523875,2.693645,20.2818625,0.115020125,38.94682947,25.71382,9.075718719,6.85E+16,0.630731265,161.9541759,0.006174586,41.50901478,2.590586625,0.083221655,0.032124637,7.351011642,0.000666218,0.001217095,0.001733909,0.198747498,3.94E-05,0.001227184,-4.781607
BCI.1,BCI,3.5,0.04360636,0.020461275,0.012857785,0.055358976,0.046479032,,,,,,0.035752686,7.594521,0.004707695,0.001069377,0.005777072,0.003638318,1.252762968,0.001205829,-6.720588191,-4.63264991,25.6136,298.7636,38.84330931,0.007162909,0.002095445,-6.167989511,-0.4249463,0.012254233,-4.401883866,,0.000130456,6.84E-20,-8.944472532,-44.128246,0.530760028,220.9318665,148.7045185,0.007566217,47.59523875,2.693645,20.2818625,0.115020125,38.94682947,25.71382,9.075718719,6.85E+16,0.640245108,157.1367768,0.006363883,42.37063434,2.566634799,0.079272465,0.030885759,6.780729577,0.000625458,0.001429965,0.002014423,0.226562565,4.45E-05,0.001441818,-4.781607
BCI.1,BCI,4.5,0.045663469,0.012575314,0.011827075,0.034311139,0.044032571,,,,,,0.029681914,7.594521,0.003908333,0.000973947,0.00488228,0.002934385,1.504077397,0.000779432,-7.156944575,-4.650148914,25.6136,298.7636,38.84330931,0.006616879,0.001395884,-6.57422751,-0.4249463,0.011633962,-4.453826725,,0.000103746,5.44E-20,-9.173562961,-44.35733643,0.530760028,220.9318665,148.7045185,0.007566217,47.59523875,2.693645,20.2818625,0.115020125,38.94682947,25.71382,9.075718719,6.85E+16,0.637530409,163.2429649,0.006125838,41.43141844,2.628235856,0.079706211,0.030326887,6.938835974,0.000507424,0.001371707,0.001938522,0.225777596,4.19E-05,0.001383077,-4.781607
BCI.1,BCI,5.5,0,0.021434729,0.006854429,0.066472404,0.049011446,,,,,,0.028754602,7.594521,0.00378623,0.001663734,0.005449964,0.002122496,1.704748092,0.000615864,-7.392484309,-4.551237489,25.6136,298.7636,38.84330931,0.006980762,0.001060432,-6.849078696,-0.4249463,0.01172797,-4.445778706,,9.08E-05,4.76E-20,-9.306964545,-44.49073801,0.530760028,220.9318665,148.7045185,0.007566217,47.59523875,2.693645,20.2818625,0.115020125,38.94682947,25.71382,9.075718719,6.85E+16,0.635683241,188.8828423,0.005294287,42.77450621,2.684163176,0.087019089,0.032419448,8.601368589,0.000396557,0.001225451,0.001735603,0.233385281,4.01E-05,0.001235609,-4.781607
BCI.1,BCI,6.5,0.029653555,0.031329431,0.010749905,0.043026693,0.048248737,,,,,,0.032601664,7.594521,0.004292787,0.000854015,0.005146803,0.003438772,1.871802177,0.00060354,-7.412698645,-4.29302835,25.6136,298.7636,38.84330931,0.008496995,0.00111989,-6.794525153,-0.4249463,0.015674539,-4.155717593,,0.000107862,5.66E-20,-9.134657217,-44.31843068,0.530760028,220.9318665,148.7045185,0.007566217,47.59523875,2.693645,20.2818625,0.115020125,38.94682947,25.71382,9.075718719,6.85E+16,0.6367463,208.8151335,0.004788925,42.81952557,2.705138676,0.088743082,0.032805373,9.610193259,0.000402415,0.001390052,0.001966261,0.292669816,4.60E-05,0.001401574,-4.781607
BCI.1,BCI,7.5,0.026992032,0,0.02893169,0.053349494,0.026450157,,,,,,0.027144675,7.594521,0.003574245,0.001112323,0.004686567,0.002461922,2.014903021,0.0004263,-7.760367752,-4.402196051,25.6136,298.7636,38.84330931,0.007518302,0.000929619,-6.980735999,-0.4249463,0.015919836,-4.140189391,,9.90E-05,5.20E-20,-9.219998538,-44.403772,0.530760028,220.9318665,148.7045185,0.007566217,47.59523875,2.693645,20.2818625,0.115020125,38.94682947,25.71382,9.075718719,6.85E+16,0.615242746,183.2069472,0.005458308,42.22968225,2.518946346,0.076582651,0.030402653,8.01804592,0.000401589,0.001526059,0.002214988,0.281902069,4.68E-05,0.001538708,-4.781607
BCI.1,BCI,8.5,0.05795766,0.039222143,0.02893169,0.071758474,0.030646671,,,,,,0.045703328,7.594521,0.006017934,0.001093383,0.007111317,0.004924551,2.140066163,0.000634395,-7.362838989,-3.79606205,25.6136,298.7636,38.84330931,0.013350024,0.001521952,-6.487761769,-0.4249463,0.031093263,-3.470764118,,0.0001771,9.29E-20,-8.638798787,-43.82257225,0.530760028,220.9318665,148.7045185,0.007566217,47.59523875,2.693645,20.2818625,0.115020125,38.94682947,25.71382,9.075718719,6.85E+16,0.611607783,205.6097453,0.004863583,45.15341812,2.555075717,0.096573634,0.03779678,11.23682817,0.00048247,0.001992956,0.002905548,0.413167787,7.60E-05,0.002009476,-4.781607
BCI.1,BCI,9.5,0.023135691,0.022919547,0,0.124110898,0.030953647,,,,,,0.040223957,7.594521,0.005296444,0.002844335,0.008140779,0.002452109,2.251291799,0.000498011,-7.604889089,-3.852736092,25.6136,298.7636,38.84330931,0.012318161,0.001320727,-6.629572878,-0.4249463,0.031562902,-3.455772842,,0.000166218,8.72E-20,-8.702208703,-43.88598217,0.530760028,220.9318665,148.7045185,0.007566217,47.59523875,2.693645,20.2818625,0.115020125,38.94682947,25.71382,9.075718719,6.85E+16,0.641759724,215.8288385,0.004633301,44.19154721,2.501099872,0.088229448,0.035276259,10.61848742,0.000449354,0.001999028,0.002811089,0.435024173,7.11E-05,0.002015598,-4.781607
BCI.1,BCI,10.5,0.036938231,0,0,0.024348599,0.077726112,,,,,,0.027802588,7.594521,0.003660874,0.001893019,0.005553893,0.001767856,2.351375257,0.000313312,-8.068312485,-4.149353724,25.6136,298.7636,38.84330931,0.008884171,0.00050229,-7.596332647,-0.4249463,0.013822769,-4.281438113,,6.78E-05,3.56E-20,-9.598421223,-44.78219469,0.530760028,220.9318665,148.7045185,0.007566217,47.59523875,2.693645,20.2818625,0.115020125,38.94682947,25.71382,9.075718719,6.85E+16,0.638467128,158.5949188,0.006305372,43.85133154,2.549035417,0.08685958,0.03407547,7.566189552,0.000435887,0.002072917,0.002926261,0.331479174,7.12E-05,0.0020901,-4.781607
BCI.1,BCI,11.5,0.051358068,0.043050145,0,0.056136372,0.014387634,,,,,,0.032986444,7.594521,0.004343453,0.001445038,0.00578849,0.002898415,2.442347035,0.000338655,-7.990529331,-3.919950939,25.6136,298.7636,38.84330931,0.010956105,0.000804813,-7.124901112,-0.4249463,0.025178686,-3.68175744,,0.00011589,6.08E-20,-9.06286512,-44.24663859,0.530760028,220.9318665,148.7045185,0.007566217,47.59523875,2.693645,20.2818625,0.115020125,38.94682947,25.71382,9.075718719,6.85E+16,0.587975181,226.8853675,0.004407512,44.41227716,2.894020782,0.117375472,0.040557923,13.70449225,0.000285521,0.001442731,0.002166463,0.330047911,5.90E-05,0.00145469,-4.781607
BCI.1,BCI,12.5,0,0,0,0.061490439,0.050263586,,,,,,0.022350805,7.594521,0.002943017,0.001817316,0.004760334,0.001125701,2.525728644,0.000210479,-8.466125614,-4.256577873,25.6136,298.7636,38.84330931,0.007691342,0.000315046,-8.062790533,-0.4249463,0.011085713,-4.502098103,,4.81E-05,2.52E-20,-9.941980161,-45.12575363,0.530760028,220.9318665,148.7045185,0.007566217,47.59523875,2.693645,20.2818625,0.115020125,38.94682947,25.71382,9.075718719,6.85E+16,0.621843974,191.2175061,0.005229647,47.64230416,2.832475967,0.108774659,0.038402677,10.48643994,0.000252831,0.001350577,0.001944659,0.260394662,5.23E-05,0.001361772,-4.781607
BCI.1,BCI,13.5,0,0,0,0.036876396,0.014387634,,,,,,0.010252806,7.594521,0.001350027,0.000950094,0.002300121,0.000399932,2.602689685,8.92E-05,-9.324620898,-4.986804756,25.6136,298.7636,38.84330931,0.003645482,0.000570839,-7.468403681,-0.4249463,0.022388362,-3.799214007,,9.20E-05,4.83E-20,-9.293344688,-44.47711815,0.530760028,220.9318665,148.7045185,0.007566217,47.59523875,2.693645,20.2818625,0.115020125,38.94682947,25.71382,9.075718719,6.85E+16,0.619990962,126.0449737,0.007933676,43.49450403,2.144168189,0.079232703,0.036952653,6.66625831,0.000182443,0.001025882,0.001480449,0.13037907,3.82E-05,0.001034385,-4.781607
BCI.1,BCI,14.5,0.110905806,0,0,0,0,,,,,,0.022181161,7.594521,0.002920679,0.002920679,0.005841359,-2.63348E-11,2.674148649,0.000181561,-8.613916129,-4.157001713,25.6136,298.7636,38.84330931,0.008129885,0.002053135,-6.188387261,-0.4249463,0.08905893,-2.418456999,,0.000348122,1.83E-19,-7.962957973,-43.14673144,0.530760028,220.9318665,148.7045185,0.007566217,47.59523875,2.693645,20.2818625,0.115020125,38.94682947,25.71382,9.075718719,6.85E+16,0.582581869,116.1152683,0.008612132,46.06570213,2.242247848,0.048676447,0.021708772,3.780131027,0.000696055,0.004104911,0.006206847,0.480593715,8.99E-05,0.004138937,-4.781607
BCI.1,BCI,15.5,0,0.160871962,0,0,0,,,,,,0.032174392,7.594521,0.004236527,0.004236527,0.008473054,-5.26695E-11,2.740840024,0.000246017,-8.310110491,-3.742043784,25.6136,298.7636,38.84330931,0.012131611,,,-0.4249463,,,,,0,,,0.530760028,220.9318665,148.7045185,0.007566217,47.59523875,2.693645,20.2818625,0.115020125,38.94682947,25.71382,9.075718719,6.85E+16,0.626774816,111.7951616,0.008944931,48.452411,3.039559092,0.11132792,0.036626338,5.812766207,0.000656589,0.00404821,0.005794479,0.456321655,0.0001495,0.004081766,-4.781607
CAP.1,CAP,0.5,0.017792823,0.039062268,,,,,,,,,0.028427546,5,0.005685509,0.002126945,0.007812454,0.003558565,-0.693147181,0.008294977,-4.79210517,-5.947350471,12.8908,286.0408,40.57101968,0.00251449,,,-0.6120543,,,,,,,,0.493279517,,,0.015690978,,,,,,6.77886,,4.16E+17,0.540285851,144.5779266,0.018165817,47.83965175,1.257798,0.06565575,0.052198962,4.559731232,0.001256769,0.000785495,0.001256323,0.04358269,4.13E-05,0.000791715,-5.307935
CAP.1,CAP,1.5,0.03254549,0.040083436,,,,,,,,,0.036314463,5,0.007262893,0.000753795,0.008016687,0.006509098,0.405465108,0.005906701,-5.131667778,-4.455892598,12.8908,286.0408,40.57101968,0.010522651,0.005270254,-5.245676642,-0.6120543,0.026351272,-3.636238729,,0.000215938,2.11E-20,-8.440521407,-45.30721439,0.493279517,,,0.015690978,,,,,,6.77886,,4.16E+17,0.548859714,126.5403979,0.01647371,47.647454,1.191624,0.0639365,0.053654928,5.107662432,0.00143322,0.001863295,0.002945175,0.114002857,0.000100767,0.00187805,-5.307935
CAP.1,CAP,2.5,0,0.00709789,,,,,,,,,0.003548945,5,0.000709789,0.000709789,0.001419578,0,0.916290732,0.001012672,-6.895163144,-5.368011924,12.8908,286.0408,40.57101968,0.004110371,0.000405295,-7.810895028,-0.6120543,0.002026476,-6.201457115,,3.15E-05,3.07E-21,-10.36551207,-47.23220505,0.493279517,,,0.015690978,,,,,,6.77886,,4.16E+17,0.532892203,70.95061037,0.019561719,47.96441325,1.038287,0.05685125,0.054754851,4.487826611,0.000159411,0.000291331,0.000470796,0.015010842,1.61E-05,0.000293638,-5.307935
CAP.1,CAP,3.5,0.008930297,0.008511593,,,,,,,,,0.008720945,5,0.001744189,4.18704E-05,0.001786059,0.001702319,1.252762968,0.000531565,-7.539684517,-5.451746236,12.8908,286.0408,40.57101968,0.003711379,0.000383453,-7.866292524,-0.6120543,0.001917267,-6.256854611,,4.54E-05,4.43E-21,-9.999202866,-46.86589585,0.493279517,,,0.015690978,,,,,,6.77886,,4.16E+17,0.527833792,67.56460822,0.020987406,48.094892,1.034564,0.05610425,0.054229849,4.172599898,0.00042132,0.000963605,0.001568381,0.046277041,5.27E-05,0.000971235,-5.307935
CAP.1,CAP,4.5,0,0,,,,,,,,,,5,,,,,1.504077397,0.000513814,-7.573648586,-5.066852924,12.8908,286.0408,40.57101968,0.005379374,,,-0.6120543,,,,,0,,,0.493279517,,,0.015690978,,,,,,6.77886,,4.16E+17,0.524676691,64.07882356,0.0218408,48.32538175,1.034144,0.05679275,0.054917642,4.078725776,,,,,,,-5.307935
CAP.1,CAP,5.5,0,0,,,,,,,,,,5,,,,,1.704748092,0,,,12.8908,286.0408,40.57101968,,,,-0.6120543,,,,,0,,,0.493279517,,,0.015690978,,,,,,6.77886,,4.16E+17,0.530115803,69.51445929,0.019953588,48.03042475,1.039821,0.057387,0.055189307,4.452007362,,,,,,,-5.307935
CAP.1,CAP,6.5,0,0,,,,,,,,,,5,,,,,1.871802177,0.000517142,-7.567192862,-4.447522568,12.8908,286.0408,40.57101968,0.00979449,,,-0.6120543,,,,,0,,,0.493279517,,,0.015690978,,,,,,6.77886,,4.16E+17,0.525329094,66.84822354,0.021179754,48.10738725,1.03374875,0.0565005,0.054655931,4.182084375,,,,,,,-5.307935
CAP.1,CAP,7.5,0,0,,,,,,,,,,5,,,,,2.014903021,0,,,12.8908,286.0408,40.57101968,,,,-0.6120543,,,,,0,,,0.493279517,,,0.015690978,,,,,,6.77886,,4.16E+17,0.531727999,70.33573669,0.019573522,47.9895275,1.03680625,0.056371,0.05436985,4.460894994,,,,,,,-5.307935
CAP.1,CAP,8.5,0,0,,,,,,,,,,5,,,,,2.140066163,0,,,12.8908,286.0408,40.57101968,,,,-0.6120543,,,,,0,,,0.493279517,,,0.015690978,,,,,,6.77886,,4.16E+17,0.54598519,76.93220705,0.017175879,47.809057,1.052879,0.058257,0.055331144,5.071834125,,,,,,,-5.307935
CAP.1,CAP,9.5,0,0,,,,,,,,,,5,,,,,2.251291799,0.000825699,-7.099279986,-3.347126988,12.8908,286.0408,40.57101968,0.028832141,0.000449196,-7.708050468,-0.6120543,0.002245982,-6.098612556,,0.000186052,1.81E-20,-8.589485756,-45.45617874,0.493279517,,,0.015690978,,,,,,6.77886,,4.16E+17,0.519803591,63.50885512,0.022213851,48.26338875,1.0294885,0.0563995,0.054784002,4.028565665,,,,,,,-5.307935
CAP.1,CAP,10.5,0,0,,,,,,,,,,5,,,,,2.351375257,0,,,12.8908,286.0408,40.57101968,,,,-0.6120543,,,,,0,,,0.493279517,,,0.015690978,,,,,,6.77886,,4.16E+17,0.520964343,60.91444764,0.022884313,48.518204,1.037753,0.05819575,0.056078614,3.996256817,,,,,,,-5.307935
CAP.1,CAP,11.5,0,0,,,,,,,,,,5,,,,,2.442347035,0,,,12.8908,286.0408,40.57101968,,,,-0.6120543,,,,,0,,,0.493279517,,,0.015690978,,,,,,6.77886,,4.16E+17,0.546933581,70.47573641,0.019594224,48.445924,1.06680725,0.0603775,0.056596447,4.54161333,,,,,,,-5.307935
CAP.1,CAP,13.5,0,0,,,,,,,,,,5,,,,,2.602689685,0,,,12.8908,286.0408,40.57101968,,,,-0.6120543,,,,,0,,,0.493279517,,,0.015690978,,,,,,6.77886,,4.16E+17,0.539212527,75.59888679,0.017714905,47.762707,1.0430065,0.05714375,0.05478753,4.914993036,,,,,,,-5.307935
CAP.1,CAP,15.5,0,0,,,,,,,,,,5,,,,,2.740840024,0,,,12.8908,286.0408,40.57101968,,,,-0.6120543,,,,,0,,,0.493279517,,,0.015690978,,,,,,6.77886,,4.16E+17,0.522065498,63.22088796,0.022207073,48.3172415,1.02947,0.055506,0.053917064,3.953130666,,,,,,,-5.307935
CWT.1,CWT,0.5,,0.051524627,0.085949732,0.098857086,0.154983509,0.05528574,0.034607849,0.080098804,0.047602094,0.068929802,0.075315471,7,0.010759353,0.002672771,0.013432124,0.008086582,-0.693147181,0.022838658,-3.779300647,-4.934545948,17.61122,290.76122,39.91236151,0.006806075,,,-0.8926765,,,,,,,,0.549736301,202.91166,187.6805505,0.006986586,49.49613393,2.27516125,24.95776368,0.1154915,21.24128288,12.62168,11.38038668,2.13E+17,0.54225104,87.51674564,0.011426385,50.69240968,1.283315398,0.06149515,0.047918968,6.636640983,0.001634259,0.001021295,0.001629236,0.090100119,4.93E-05,0.001029519,-4.429206
CWT.1,CWT,1.5,,0.02297717,0.03646093,0.085001105,0.085055998,0.059305761,0.082605223,0.01883458,0.033908577,0.073041554,0.055243433,7,0.007891919,0.001793706,0.009685625,0.006098213,0.405465108,0.004637259,-5.373631818,-4.697856638,17.61122,290.76122,39.91236151,0.012293091,0.004940578,-5.31027302,-0.8926765,0.01058896,-4.547943311,,0.000181221,3.35E-20,-8.615794254,-44.84146968,0.549736301,202.91166,187.6805505,0.006986586,49.49613393,2.27516125,24.95776368,0.1154915,21.24128288,12.62168,11.38038668,2.13E+17,0.541507788,102.2179405,0.009783018,50.64294186,1.397389378,0.072362275,0.051783902,8.385295482,0.00094874,0.001233271,0.001969418,0.127077477,6.44E-05,0.001243201,-4.429206
CWT.1,CWT,2.5,0.023728233,0.020702812,0.02544763,0.029706746,0.174030205,0.012053267,0.009318627,0.019467705,0.044025687,0.076877559,0.043535847,7,0.006219407,0.003628345,0.009847751,0.002591062,0.916290732,0.002257963,-6.093292213,-4.566140993,17.61122,290.76122,39.91236151,0.014350773,0.002641034,-5.936584635,-0.8926765,0.01478957,-4.213833077,,0.000156588,2.90E-20,-8.761894944,-44.98757037,0.549736301,202.91166,187.6805505,0.006986586,49.49613393,2.27516125,24.95776368,0.1154915,21.24128288,12.62168,11.38038668,2.13E+17,0.554982088,86.07326439,0.011618009,50.94743158,1.293673853,0.0649273,0.050188307,6.718334019,0.000933191,0.001705221,0.002673342,0.147955814,8.63E-05,0.001718952,-4.429206
CWT.1,CWT,3.5,0.017743625,0.005663611,0.026404696,0.026061355,0.08144843,0.011119531,0.025923621,0.040646316,0.028893207,0.011902597,0.027580699,7,0.0039401,0.001597631,0.005537731,0.002342469,1.252762968,0.001277835,-6.662587947,-4.574649666,17.61122,290.76122,39.91236151,0.015069266,0.001504707,-6.499156858,-0.8926765,0.015862593,-4.1437916,,0.000122407,2.27E-20,-9.008160317,-45.23383574,0.549736301,202.91166,187.6805505,0.006986586,49.49613393,2.27516125,24.95776368,0.1154915,21.24128288,12.62168,11.38038668,2.13E+17,0.560794227,89.6709053,0.011151889,50.98896853,1.316746388,0.06524765,0.049552177,6.856644652,0.000579267,0.00132467,0.002060573,0.119740819,6.62E-05,0.001335336,-4.429206
CWT.1,CWT,4.5,0.014203099,0.014041225,0.020532224,0,0.058065769,0.022240166,0,0,0.008172482,0.014203199,0.015145816,7,0.002163688,0.001139778,0.003303466,0.00102391,1.504077397,0.000559322,-7.488785263,-4.981989602,17.61122,290.76122,39.91236151,0.009591102,0.00066351,-7.317966823,-0.8926765,0.011219565,-4.490096161,,6.84E-05,1.27E-20,-9.590717581,-45.816393,0.549736301,202.91166,187.6805505,0.006986586,49.49613393,2.27516125,24.95776368,0.1154915,21.24128288,12.62168,11.38038668,2.13E+17,0.554468383,88.00493606,0.011362999,50.88284607,1.29520686,0.06352545,0.049046567,6.717505893,0.000324691,0.000877933,0.001377327,0.077884612,4.34E-05,0.000885003,-4.429206
CWT.1,CWT,5.5,0,0,0,0.033985201,0.022787271,0,0.019010307,0.027912222,0.007859357,0.013102129,0.012465649,7,0.001780807,0.000879497,0.002660304,0.00090131,1.704748092,0.000358738,-7.93291818,-5.09167136,17.61122,290.76122,39.91236151,0.010274986,0.000449858,-7.706579546,-0.8926765,0.011093226,-4.501420605,,5.60E-05,1.04E-20,-9.790686163,-46.01636159,0.549736301,202.91166,187.6805505,0.006986586,49.49613393,2.27516125,24.95776368,0.1154915,21.24128288,12.62168,11.38038668,2.13E+17,0.562645208,85.52725703,0.011692179,51.00601052,1.286222305,0.06322115,0.049152584,6.471052603,0.000277412,0.000857466,0.001330528,0.073927264,4.25E-05,0.000864371,-4.429206
CWT.1,CWT,6.5,0,0.020019505,0.02016815,0.011237638,0.033726958,0,0,0.012003228,0,0,0.009715548,7,0.001387935,0.000766138,0.002154074,0.000621797,1.871802177,0.000251244,-8.289087681,-5.169417386,17.61122,290.76122,39.91236151,0.00821026,0.000307648,-8.086552833,-0.8926765,0.010385866,-4.567309426,,4.48E-05,8.29E-21,-10.01361722,-46.23929264,0.549736301,202.91166,187.6805505,0.006986586,49.49613393,2.27516125,24.95776368,0.1154915,21.24128288,12.62168,11.38038668,2.13E+17,0.555276031,87.39124639,0.011442794,50.82541053,1.27336706,0.060163575,0.047247629,6.418983533,0.000217965,0.000753087,0.001180175,0.066343148,3.59E-05,0.000759151,-4.429206
CWT.1,CWT,7.5,0,0.013390288,0,0,0.02370251,0.009454888,0,0.0155479,0,0.011343397,0.007343898,7,0.001049128,0.000565077,0.001614206,0.000484051,2.014903021,0.000142884,-8.853476935,-5.495305234,17.61122,290.76122,39.91236151,0.005954795,0.000135908,-8.903530134,-0.8926765,0.006004551,-5.115237622,,2.26E-05,4.19E-21,-10.69606997,-46.92174539,0.549736301,202.91166,187.6805505,0.006986586,49.49613393,2.27516125,24.95776368,0.1154915,21.24128288,12.62168,11.38038668,2.13E+17,0.5561283,83.07319978,0.012037577,50.87876512,1.251479998,0.059705675,0.047708054,6.154196968,0.000171846,0.000653178,0.001022429,0.054698477,3.14E-05,0.000658437,-4.429206
CWT.1,CWT,8.5,0.013909232,0.014546323,0.029167449,0.015732834,0.033345789,0.013049449,0.040973675,0,0.032562768,0.013741285,0.02070288,7,0.002957554,0.000518699,0.003476253,0.002438856,2.140066163,0.000340115,-7.986227344,-4.419450405,17.61122,290.76122,39.91236151,0.018991353,,,-0.8926765,,,,,0,,,0.549736301,202.91166,187.6805505,0.006986586,49.49613393,2.27516125,24.95776368,0.1154915,21.24128288,12.62168,11.38038668,2.13E+17,0.546271782,80.87409231,0.012364899,50.6902695,1.206678418,0.0544417,0.045116992,5.742393866,0.000519186,0.002145124,0.003403132,0.174881867,9.76E-05,0.002162397,-4.429206
CWT.1,CWT,9.5,0,0,0.035772823,0,0.037121634,0.050951464,0,0,0.018153412,0.014957389,0.015695672,7,0.002242239,0.001354624,0.003596863,0.000887615,2.251291799,0.00024568,-8.311479377,-4.55932638,17.61122,290.76122,39.91236151,0.016610951,0.000290522,-8.143830607,-0.8926765,0.02001857,-3.911094949,,6.04E-05,1.12E-20,-9.714148866,-45.93982429,0.549736301,202.91166,187.6805505,0.006986586,49.49613393,2.27516125,24.95776368,0.1154915,21.24128288,12.62168,11.38038668,2.13E+17,0.552178586,84.66537457,0.011811204,50.78499328,1.26080332,0.0573326,0.045473072,6.010359607,0.000376066,0.00167339,0.002633423,0.142819021,7.67E-05,0.001686865,-4.429206
CWT.1,CWT,10.5,0,0.028479404,0,0,0.053180873,0,0,0,0,0,0.008166028,7,0.001166575,0.001311353,0.002477929,-0.000144778,2.351375257,0.00012639,-8.976135388,-5.057176627,17.61122,290.76122,39.91236151,0.010292189,0.000166099,-8.702928268,-0.8926765,0.0138147,-4.282022057,,3.80E-05,7.02E-21,-10.17916125,-46.40483667,0.549736301,202.91166,187.6805505,0.006986586,49.49613393,2.27516125,24.95776368,0.1154915,21.24128288,12.62168,11.38038668,2.13E+17,0.532408723,114.9378346,0.008700355,50.22272551,1.429129868,0.066226725,0.046340593,8.545563832,0.000137612,0.000654583,0.001058678,0.075842189,3.06E-05,0.000659854,-4.429206
CWT.1,CWT,11.5,0,0,0,0.041650315,0,0,0,0,0,0.03073322,0.007238354,7,0.001034051,0.000991674,0.002025725,4.23764E-05,2.442347035,5.45E-05,-9.816597058,-5.746018666,17.61122,290.76122,39.91236151,0.005849756,7.36E-05,-9.51731478,-0.8926765,0.007260045,-4.925369217,,1.83E-05,3.39E-21,-10.90802809,-47.13370351,0.549736301,202.91166,187.6805505,0.006986586,49.49613393,2.27516125,24.95776368,0.1154915,21.24128288,12.62168,11.38038668,2.13E+17,0.538462789,94.50973958,0.01058092,50.36257848,1.318710768,0.05781985,0.04384574,6.592303641,0.00015812,0.000799165,0.001281601,0.076137086,3.53E-05,0.0008056,-4.429206
CWT.1,CWT,12.5,0,0,0.0790347,0,0,0,0,0.036774554,0,0,0.011580925,7,0.001654418,0.001881779,0.003536196,-0.000227361,2.525728644,0.000164491,-8.712654059,-4.503106319,17.61122,290.76122,39.91236151,0.017522195,0.000190605,-8.565307348,-0.8926765,0.022002637,-3.816592987,,5.13E-05,9.50E-21,-9.877636255,-46.10331168,0.549736301,202.91166,187.6805505,0.006986586,49.49613393,2.27516125,24.95776368,0.1154915,21.24128288,12.62168,11.38038668,2.13E+17,0.515698003,183.0214077,0.005463842,49.52639306,1.836602458,0.087935625,0.04787951,14.3997515,0.000115817,0.000618819,0.001025062,0.114169085,2.99E-05,0.000623802,-4.429206
CWT.1,CWT,13.5,0,0,0,0,0,0.050951464,0,0,0,0,0.005095146,7,0.000727878,0.00121313,0.001941008,-0.000485252,2.602689685,8.07E-05,-9.425229726,-5.087413584,17.61122,290.76122,39.91236151,0.008257309,9.21E-05,-9.292593003,-0.8926765,0.012287394,-4.399181388,,2.67E-05,4.93E-21,-10.53257328,-46.75824871,0.549736301,202.91166,187.6805505,0.006986586,49.49613393,2.27516125,24.95776368,0.1154915,21.24128288,12.62168,11.38038668,2.13E+17,0.521517218,176.7958595,0.005656241,49.73224814,1.86332646,0.096921525,0.052015322,14.98483237,4.90E-05,0.000275399,0.00045237,0.049081483,1.44E-05,0.000277617,-4.429206
CWT.1,CWT,14.5,0,0,0,0,0,0.054468056,0,0,0,0,0.005446806,7,0.000778115,0.001296858,0.002074974,-0.000518743,2.674148649,8.03E-05,-9.429947775,-4.97303336,17.61122,290.76122,39.91236151,0.009408649,9.21E-05,-9.293028715,-0.8926765,0.014048151,-4.265264501,,2.85E-05,5.27E-21,-10.4658327,-46.69150812,0.549736301,202.91166,187.6805505,0.006986586,49.49613393,2.27516125,24.95776368,0.1154915,21.24128288,12.62168,11.38038668,2.13E+17,0.540329662,199.1111858,0.00502232,49.40664101,2.03434904,0.09124235,0.044850883,14.17008795,5.54E-05,0.000326525,0.000522283,0.065538315,1.48E-05,0.000329154,-4.429206
CWT.1,CWT,15.5,0,0.134993826,0,0.111887273,0.15162362,0,0,0,0,0,0.039850472,7,0.005692925,0.004306627,0.009999552,0.001386297,2.740840024,0.000385765,-7.860282279,-3.292215572,17.61122,290.76122,39.91236151,0.109342666,0.000540134,-7.523692965,-0.8926765,0.093430272,-2.37053987,,0.000177987,3.29E-20,-8.633802506,-44.85947793,0.549736301,202.91166,187.6805505,0.006986586,49.49613393,2.27516125,24.95776368,0.1154915,21.24128288,12.62168,11.38038668,2.13E+17,0.502435819,351.849172,0.002842127,48.561445,2.7002675,0.113972825,0.042207976,24.88517004,0.00023061,0.001422163,0.002402271,0.504416037,6.05E-05,0.001433614,-4.429206
CWT.1,CWT,16.5,0,0.087964324,0,0.085001105,0,0,0,0,0,0,0.017296543,7,0.002470935,0.002605167,0.005076102,-0.000134232,2.803360381,0.000231901,-8.36919995,-3.696932648,17.61122,290.76122,39.91236151,0.04742084,0.000352464,-7.950561826,-0.8926765,0.068572621,-2.679861931,,0.000123176,2.28E-20,-9.001897967,-45.22757339,0.549736301,202.91166,187.6805505,0.006986586,49.49613393,2.27516125,24.95776368,0.1154915,21.24128288,12.62168,11.38038668,2.13E+17,0.534646334,200.8151939,0.004979703,49.69161656,2.003463643,0.0910033,0.045422985,14.58889168,0.000170735,0.001097729,0.001769816,0.222215624,5.03E-05,0.001106568,-4.429206
CWT.1,CWT,20.5,0,0,0,0,0,0,0.125180811,0,0,0,0.012518081,7,0.001788297,0,0.001788297,0.001788297,3.020424886,0.000117163,-9.051946944,-4.017905467,17.61122,290.76122,39.91236151,0.02945568,0.000191982,-8.558109436,-0.8926765,0.056174146,-2.879298664,,8.23E-05,1.52E-20,-9.405390138,-45.63106556,0.549736301,202.91166,187.6805505,0.006986586,49.49613393,2.27516125,24.95776368,0.1154915,21.24128288,12.62168,11.38038668,2.13E+17,0.533466603,261.4426265,0.003824931,49.57988263,2.466866195,0.118769375,0.048145852,20.16530747,8.94E-05,0.000664259,0.001072729,0.175063984,3.22E-05,0.000669608,-4.429206
CWT.1,CWT,24.5,0,0.096354015,0,0,0,0,0,0,0,0,0.009635402,7,0.001376486,0.002294143,0.003670629,-0.000917657,3.198673118,6.62E-05,-9.623433628,-4.292311765,17.61122,290.76122,39.91236151,0.026583073,0.000134636,-8.912937595,-0.8926765,0.0550785,-2.898995835,,6.82E-05,1.26E-20,-9.592652803,-45.81832822,0.549736301,202.91166,187.6805505,0.006986586,49.49613393,2.27516125,24.95776368,0.1154915,21.24128288,12.62168,11.38038668,2.13E+17,0.496525142,265.9478857,0.003760135,48.41941033,2.539474965,0.126355375,0.049756496,22.37125737,6.20E-05,0.00051903,0.000884544,0.139146314,2.60E-05,0.000523209,-4.429206
HFR.1,HFR,0.5,0.021544359,0.011379912,0.024951459,0.030620846,0.020255601,0.033628649,,0.078354847,,,0.031533668,5.424658,0.005813024,0.000598603,0.006411627,0.005214421,-0.693147181,0.010027929,-4.602381193,-5.757626494,16.87873,290.02873,40.01316327,,,,0.7256927,,,,,,,,0.534526772,159.3669535,150.4601428,0.006646278,49.2719142,2.065638138,25.65427026,0.133724108,16.77253901,8.268253,15.58116285,2.61E+17,0.588457681,135.2248141,0.007395092,50.38304604,1.730244323,0.094183775,0.054433801,10.95566204,0.00048356,0.000302202,0.000453395,0.041192657,1.66E-05,0.000304624,-4.317442
HFR.1,HFR,1.5,0.063709817,0,0,0.076275204,0.011278851,0.024655674,0.189824375,0.07302904,,,0.05484662,5.424658,0.010110613,0.002485565,0.012596179,0.007625048,0.405465108,0.003517526,-5.649997252,-4.974222072,16.87873,290.02873,40.01316327,0.003944525,0.004321232,-5.444214708,0.7256927,0.004321232,-5.444214708,,0.0001417,2.38E-20,-8.861801627,-45.18575642,0.534526772,159.3669535,150.4601428,0.006646278,49.2719142,2.065638138,25.65427026,0.133724108,16.77253901,8.268253,15.58116285,2.61E+17,0.591625135,150.7809608,0.006632137,50.17265935,1.824839085,0.098629375,0.054048259,12.08073203,0.00076273,0.000991516,0.001481597,0.1506994,5.40E-05,0.000999459,-4.317442
HFR.1,HFR,2.5,0.027255804,0,0.008807072,0.015062458,0.008374384,0.005530618,0.109535368,0.054726126,,,0.028661479,5.424658,0.005283555,0.000708556,0.005992111,0.004574999,0.916290732,0.000788053,-7.145945503,-5.618794283,16.87873,290.02873,40.01316327,0.001017136,0.001120483,-6.793995667,0.7256927,0.001120483,-6.793995667,,5.17E-05,8.68E-21,-9.869379888,-46.19333468,0.534526772,159.3669535,150.4601428,0.006646278,49.2719142,2.065638138,25.65427026,0.133724108,16.77253901,8.268253,15.58116285,2.61E+17,0.585490235,152.5097417,0.006556958,50.08444552,1.81534487,0.101357875,0.05583395,12.72202364,0.000378492,0.000691647,0.001041622,0.106327977,3.89E-05,0.000697188,-4.317442
HFR.1,HFR,3.5,0.04619449,0,0.027629218,0.013061082,0.014453742,0.010031507,0.130743253,0.028001895,,,0.033764398,5.424658,0.006224245,0.001218259,0.007442504,0.005005985,1.252762968,0.001090662,-6.820970873,-4.733032592,16.87873,290.02873,40.01316327,0.001543083,0.001706203,-6.373485114,0.7256927,0.001706203,-6.373485114,,9.87E-05,1.66E-20,-9.22346618,-45.54742097,0.534526772,159.3669535,150.4601428,0.006646278,49.2719142,2.065638138,25.65427026,0.133724108,16.77253901,8.268253,15.58116285,2.61E+17,0.596953167,192.9368248,0.005183044,49.43135378,2.129696018,0.117687225,0.055260105,15.6989872,0.000361328,0.00082632,0.001226474,0.160704782,4.60E-05,0.00083294,-4.317442
HFR.1,HFR,4.5,0,0.023135691,0.022661703,0.019255365,0.037528079,0.014692878,0.121547705,0.040832542,,,0.034956745,5.424658,0.006444046,0.000922719,0.007366765,0.005521326,1.504077397,0.000760405,-7.181659677,-4.674864015,16.87873,290.02873,40.01316327,0.001148751,0.001244295,-6.689185928,0.7256927,0.001244295,-6.689185928,,8.52E-05,1.43E-20,-9.370811157,-45.69476595,0.534526772,159.3669535,150.4601428,0.006646278,49.2719142,2.065638138,25.65427026,0.133724108,16.77253901,8.268253,15.58116285,2.61E+17,0.568672277,195.3324072,0.005119478,49.03177312,2.09310143,0.128159875,0.061229653,18.26373345,0.000321555,0.000869491,0.001338394,0.171200475,5.37E-05,0.000876457,-4.317442
HFR.1,HFR,5.5,0,0,0.076624444,0.054948327,0.033074685,0,0.109535368,0.035786546,,,0.038746171,5.424658,0.007142602,0.002488392,0.009630994,0.004654209,1.704748092,0.001393247,-6.576118055,-3.734871234,16.87873,290.02873,40.01316327,0.002223899,0.00245991,-6.007630631,0.7256927,0.00245991,-6.007630631,,0.000192613,3.23E-20,-8.55482632,-44.87878111,0.534526772,159.3669535,150.4601428,0.006646278,49.2719142,2.065638138,25.65427026,0.133724108,16.77253901,8.268253,15.58116285,2.61E+17,0.575837422,179.8270175,0.0055609,49.43092924,1.99378805,0.118244925,0.059306668,16.1336841,0.000403468,0.001247151,0.001901778,0.226068233,7.46E-05,0.001257143,-4.317442
HFR.1,HFR,6.5,0.084082295,0,0,0,0,0.029688723,0.060647852,0.059204341,,,0.029202901,5.424658,0.005383363,0.002561853,0.007945216,0.00282151,1.871802177,0.000427598,-7.757327069,-4.637656774,16.87873,290.02873,40.01316327,0.00072054,0.000865299,-7.052435877,0.7256927,0.000865299,-7.052435877,,7.58E-05,1.27E-20,-9.487721834,-45.81167662,0.534526772,159.3669535,150.4601428,0.006646278,49.2719142,2.065638138,25.65427026,0.133724108,16.77253901,8.268253,15.58116285,2.61E+17,0.564802945,231.1907081,0.004325433,48.337525,2.3179025,0.14523965,0.062659948,22.23502849,0.000220649,0.000762394,0.001179565,0.177670427,4.82E-05,0.000768502,-4.317442
HFR.1,HFR,7.5,0.033065368,0,0.077607773,0.074748054,0.03826411,0,0,0.019712834,,,0.030424767,5.424658,0.005608606,0.002569484,0.008178089,0.003039122,2.014903021,0.000994432,-6.913338787,-3.555167086,16.87873,290.02873,40.01316327,0.001730395,0.001954011,-6.237871323,0.7256927,0.001954011,-6.237871323,,0.000188334,3.16E-20,-8.577293853,-44.90124864,0.534526772,159.3669535,150.4601428,0.006646278,49.2719142,2.065638138,25.65427026,0.133724108,16.77253901,8.268253,15.58116285,2.61E+17,0.538428248,163.3250265,0.00612276,48.83883216,1.954738075,0.137104925,0.070139794,18.22515972,0.00028046,0.001066053,0.001709616,0.17550808,7.54E-05,0.001074594,-4.317442
HFR.1,HFR,8.5,0,0,0.069572644,0,0,0,0.053361805,0.01893958,,,0.017734254,5.424658,0.003269193,0.002137543,0.005406736,0.00113165,2.140066163,0.000275146,-8.198208518,-4.631431579,16.87873,290.02873,40.01316327,0.000494891,0.000506177,-7.588624876,0.7256927,0.000506177,-7.588624876,,5.31E-05,8.90E-21,-9.844200467,-46.16815525,0.534526772,159.3669535,150.4601428,0.006646278,49.2719142,2.065638138,25.65427026,0.133724108,16.77253901,8.268253,15.58116285,2.61E+17,0.544253562,202.635855,0.004934961,48.4661475,2.1460775,0.143989075,0.06709407,21.45603523,0.00013886,0.000573753,0.000912724,0.117194331,3.88E-05,0.000578349,-4.317442
HFR.1,HFR,9.5,0,0.046791329,0,0.047900353,0,0,0.083442095,0.096903354,,,0.034379641,5.424658,0.006337661,0.001840191,0.008177851,0.00449747,2.251291799,0.000510761,-7.579609286,-3.827456288,16.87873,290.02873,40.01316327,0.00094714,0.001105218,-6.807712628,0.7256927,0.001105218,-6.807712628,,0.000124803,2.09E-20,-8.988778032,-45.31273282,0.534526772,159.3669535,150.4601428,0.006646278,49.2719142,2.065638138,25.65427026,0.133724108,16.77253901,8.268253,15.58116285,2.61E+17,0.548310089,191.0176025,0.00523512,48.531555,2.1295225,0.14322055,0.067254772,20.16168459,0.000286476,0.001274791,0.00201667,0.245458387,8.64E-05,0.001285004,-4.317442
HFR.1,HFR,10.5,0,0,0,0,0,0,0.129437343,0.02610892,,,0.019443283,5.424658,0.003584241,0,0.003584241,0.003584241,2.351375257,0,,,16.87873,290.02873,40.01316327,,,,0.7256927,,,,,0,,,0.534526772,159.3669535,150.4601428,0.006646278,49.2719142,2.065638138,25.65427026,0.133724108,16.77253901,8.268253,15.58116285,2.61E+17,0.532206368,191.2733735,0.005228119,48.662765,2.10463,0.1470606,0.0698748,21.44939488,0.000152289,0.00072443,0.00117193,0.139674188,5.10E-05,0.000730233,-4.317442
HFR.1,HFR,11.5,0,0,0.057638737,0,0.062964411,0,0.10276712,0,,,0.027921283,5.424658,0.005147105,0.002346925,0.00749403,0.00280018,2.442347035,0.000338958,-7.989633624,-3.919055232,16.87873,290.02873,40.01316327,0.000662374,0.000742881,-7.204974396,0.7256927,0.000742881,-7.204974396,,9.53E-05,1.60E-20,-9.258051668,-45.58200646,0.534526772,159.3669535,150.4601428,0.006646278,49.2719142,2.065638138,25.65427026,0.133724108,16.77253901,8.268253,15.58116285,2.61E+17,0.533985926,168.1025535,0.00594875,48.703935,2.027475,0.14294635,0.070504618,18.97337171,0.000247232,0.001249601,0.00201646,0.211744084,8.88E-05,0.001259613,-4.317442
HFR.1,HFR,12.5,0.054521568,0,0.069572644,0,0,0,0.089020928,0,,,0.026639392,5.424658,0.004910797,0.002437796,0.007348593,0.002473001,2.525728644,0.000531385,-7.540023116,-3.330475375,16.87873,290.02873,40.01316327,0.001064852,0.001244327,-6.689160632,0.7256927,0.001244327,-6.689160632,,0.00016887,2.83E-20,-8.686380464,-45.01033525,0.534526772,159.3669535,150.4601428,0.006646278,49.2719142,2.065638138,25.65427026,0.133724108,16.77253901,8.268253,15.58116285,2.61E+17,0.527542484,166.3286862,0.006012192,48.7779475,1.996495,0.144667175,0.072460575,19.47044382,0.00022986,0.001228204,0.00200006,0.205922229,8.97E-05,0.001238044,-4.317442
HFR.1,HFR,13.5,0,0,0.080715335,0,0,0,0.249795633,0,,,0.041313871,5.424658,0.00761594,0.00247989,0.01009583,0.00513605,2.602689685,0.000386226,-7.859088497,-3.521272355,16.87873,290.02873,40.01316327,0.000788679,0.000844511,-7.076752557,0.7256927,0.000844511,-7.076752557,,0.000120674,2.02E-20,-9.022416095,-45.34637088,0.534526772,159.3669535,150.4601428,0.006646278,49.2719142,2.065638138,25.65427026,0.133724108,16.77253901,8.268253,15.58116285,2.61E+17,0.522804262,150.7286391,0.006634439,48.6282175,1.9507975,0.141185725,0.072373337,17.74271335,0.000391192,0.002200293,0.003607377,0.334304103,0.000160518,0.00221792,-4.317442
HFR.1,HFR,14.5,0,0.063815391,0.173294377,0,0,0,0.121547705,0,,,0.044832184,5.424658,0.008264518,0.005293061,0.013557579,0.002971457,2.674148649,0.000548456,-7.508403481,-3.051489066,16.87873,290.02873,40.01316327,0.001142125,0.001218506,-6.710129741,0.7256927,0.001218506,-6.710129741,,0.000182653,3.06E-20,-8.607922833,-44.93187762,0.534526772,159.3669535,150.4601428,0.006646278,49.2719142,2.065638138,25.65427026,0.133724108,16.77253901,8.268253,15.58116285,2.61E+17,0.535576215,140.2130127,0.007132006,48.74094453,1.95490314,0.138802225,0.071002098,15.90169953,0.000473653,0.002794091,0.004498731,0.394906488,0.000199976,0.002816475,-4.317442
HFR.1,HFR,15.5,0,0.100326505,0,0,0,0,0.10276712,0,,,0.025386703,5.424658,0.004679872,0.003082422,0.007762293,0.00159745,2.740840024,0.000215756,-8.441362767,-3.87329606,16.87873,290.02873,40.01316327,0.000457593,0.000633175,-7.364764379,0.7256927,0.000633175,-7.364764379,,9.92E-05,1.67E-20,-9.21788084,-45.54183563,0.534526772,159.3669535,150.4601428,0.006646278,49.2719142,2.065638138,25.65427026,0.133724108,16.77253901,8.268253,15.58116285,2.61E+17,0.49932293,140.3387999,0.007125613,49.1398625,1.854765,0.143549675,0.077395074,18.2854203,0.000233247,0.001438482,0.002441091,0.203492217,0.000112223,0.001450007,-4.317442
HFR.1,HFR,16.5,0,0,0,0.268652519,0,0.063281001,0,0.13892092,,,0.058856805,5.424658,0.010849865,0.00809261,0.018942474,0.002757255,2.803360381,0.00074088,-7.20767173,-2.535404429,16.87873,290.02873,40.01316327,0.0015985,0.001943779,-6.243121504,0.7256927,0.001943779,-6.243121504,,0.000317715,5.33E-20,-8.054355502,-44.37831029,0.534526772,159.3669535,150.4601428,0.006646278,49.2719142,2.065638138,25.65427026,0.133724108,16.77253901,8.268253,15.58116285,2.61E+17,0.508955789,127.5146643,0.007842235,49.0484475,1.8203325,0.1421099,0.0780681,16.52051947,0.000598532,0.003848378,0.006437736,0.49465607,0.000302842,0.003879209,-4.317442
HFR.1,HFR,17.5,0.033065368,0,0.042917258,0.093463152,0,0,0.206769952,0,,,0.047026966,5.424658,0.008669112,0.002792718,0.01146183,0.005876393,2.862200881,0.000420166,-7.774861145,-3.004526343,16.87873,290.02873,40.01316327,0.000922438,0.001123038,-6.791718067,0.7256927,0.001123038,-6.791718067,,0.000190943,3.20E-20,-8.563534744,-44.88748953,0.534526772,159.3669535,150.4601428,0.006646278,49.2719142,2.065638138,25.65427026,0.133724108,16.77253901,8.268253,15.58116285,2.61E+17,0.526822943,138.7023445,0.007209683,48.91385888,1.9539219,0.141839125,0.072592014,16.28261429,0.000485218,0.003244618,0.005289085,0.453641649,0.00023742,0.003270613,-4.317442
HFR.1,HFR,18.5,0,0,0.05172433,0.047900353,0.062964411,0,0.114566838,0,,,0.034644492,5.424658,0.006386484,0.002264874,0.008651358,0.00412161,2.917770732,0.000292265,-8.13784938,-3.27489816,16.87873,290.02873,40.01316327,0.000650686,0.000770308,-7.168720076,0.7256927,0.000770308,-7.168720076,,0.000135938,2.28E-20,-8.903310443,-45.22726523,0.534526772,159.3669535,150.4601428,0.006646278,49.2719142,2.065638138,25.65427026,0.133724108,16.77253901,8.268253,15.58116285,2.61E+17,0.534019796,133.7102796,0.007478857,48.97844818,1.965511465,0.13523125,0.068802066,14.72645656,0.00039523,0.002742621,0.00442551,0.369654611,0.00019021,0.002764594,-4.317442
HFR.1,HFR,19.5,0.080715335,0,0.183853671,0.081255761,0.114910279,0,0.167542952,0.107755437,,,0.092004179,5.424658,0.016960365,0.005294278,0.022254643,0.011666087,2.970414466,0.000786495,-7.147924702,-2.197233926,16.87873,290.02873,40.01316327,0.001779083,0.00195171,-6.239049391,0.7256927,0.00195171,-6.239049391,,0.000356786,5.99E-20,-7.938373658,-44.26232845,0.534526772,159.3669535,150.4601428,0.006646278,49.2719142,2.065638138,25.65427026,0.133724108,16.77253901,8.268253,15.58116285,2.61E+17,0.530207344,155.4096934,0.006434605,48.7110525,2.018,0.139773575,0.069263417,17.32398148,0.000892224,0.006412563,0.010403102,1.00455858,0.000447714,0.006463938,-4.317442
HFR.1,HFR,20.5,0,0,0.049200166,0,0.062964411,0,0,0,,,0.014020572,5.424658,0.0025846,0.002204005,0.004788605,0.000380595,3.020424886,0.000335029,-8.001293564,-2.967252087,16.87873,290.02873,40.01316327,0.000768586,0.000931235,-6.978998706,0.7256927,0.000931235,-6.978998706,,0.000176036,2.95E-20,-8.644820932,-44.96877572,0.534526772,159.3669535,150.4601428,0.006646278,49.2719142,2.065638138,25.65427026,0.133724108,16.77253901,8.268253,15.58116285,2.61E+17,0.518744461,157.6648572,0.006342568,48.96151876,1.958185805,0.141362175,0.072190379,18.62083355,0.000126497,0.000939979,0.001550131,0.149388901,6.84E-05,0.000947509,-4.317442
HFR.1,HFR,21.5,0,0.100326505,0,0.081255761,0,0.037304214,0.114566838,0,,,0.041681665,5.424658,0.007683741,0.003378114,0.011061855,0.004305626,3.068052935,0.000282015,-8.173550319,-3.06012876,16.87873,290.02873,40.01316327,0.000654289,0.000778242,-7.158473117,0.7256927,0.000778242,-7.158473117,,0.000151885,2.55E-20,-8.792389256,-45.11634404,0.534526772,159.3669535,150.4601428,0.006646278,49.2719142,2.065638138,25.65427026,0.133724108,16.77253901,8.268253,15.58116285,2.61E+17,0.554460307,171.1767219,0.005841916,48.8506317,2.150101878,0.133136075,0.061920822,16.49599705,0.000424503,0.003256174,0.005108227,0.561846567,0.00020324,0.00328226,-4.317442
HFR.1,HFR,22.5,0,0,0,0,0,0,0.121547705,0,,,0.015193463,5.424658,0.002800815,0,0.002800815,0.002800815,3.113515309,0,,,16.87873,290.02873,40.01316327,,,,0.7256927,,,,,0,,,0.534526772,159.3669535,150.4601428,0.006646278,49.2719142,2.065638138,25.65427026,0.133724108,16.77253901,8.268253,15.58116285,2.61E+17,0.536060383,187.9864011,0.005319534,48.97206139,2.182569958,0.144432,0.066175198,19.85689784,0.000128546,0.001016364,0.001635326,0.192593261,6.78E-05,0.001024506,-4.317442
HFR.1,HFR,23.5,0,0,0,0,0,0,0.133780464,0,,,0.016722558,5.424658,0.003082694,0,0.003082694,0.003082694,3.157000421,0,,,16.87873,290.02873,40.01316327,,,,0.7256927,,,,,0,,,0.534526772,159.3669535,150.4601428,0.006646278,49.2719142,2.065638138,25.65427026,0.133724108,16.77253901,8.268253,15.58116285,2.61E+17,0.545297371,133.9883304,0.007463337,48.88330979,2.004404915,0.1335635,0.066634989,14.0700051,0.000199675,0.001625184,0.002581624,0.219500197,0.000109162,0.001638204,-4.317442
HFR.1,HFR,24.5,0,0,0,0.081255761,0,0,0.167542952,0.107755437,,,0.044569269,5.424658,0.008216051,0.002496494,0.010712546,0.005719557,3.198673118,0.000232553,-8.366392376,-3.035270513,16.87873,290.02873,40.01316327,0.000559217,0.001188397,-6.73515011,0.7256927,0.001188397,-6.73515011,,0.000253141,4.25E-20,-8.281563632,-44.60551842,0.534526772,159.3669535,150.4601428,0.006646278,49.2719142,2.065638138,25.65427026,0.133724108,16.77253901,8.268253,15.58116285,2.61E+17,0.54733819,200.4740997,0.004988176,48.85790454,2.264145515,0.1445611,0.063847972,20.11470034,0.000372251,0.003115168,0.004934636,0.629513649,0.000200491,0.003140125,-4.317442
HFR.1,HFR,25.5,0,0,0,0,0,0,0.10276712,0.13892092,,,0.030211005,5.424658,0.0055692,0,0.0055692,0.0055692,3.238678452,0,,,16.87873,290.02873,40.01316327,,,,0.7256927,,,,,0,,,0.534526772,159.3669535,150.4601428,0.006646278,49.2719142,2.065638138,25.65427026,0.133724108,16.77253901,8.268253,15.58116285,2.61E+17,0.553461598,162.832277,0.006141289,49.09702309,2.155961898,0.130226275,0.060402865,15.32789134,0.000331129,0.002845935,0.004470694,0.467122723,0.00017328,0.002868735,-4.317442
HFR.1,HFR,26.5,0,0,0,0,0.052748509,0,0,0,,,0.006593564,5.424658,0.00121548,0.00162064,0.00283612,-0.00040516,3.277144733,6.53E-05,-9.636691277,-4.174783389,16.87873,290.02873,40.01316327,0.000160415,0.00033437,-8.003261954,0.7256927,0.00033437,-8.003261954,,7.51E-05,1.26E-20,-9.497107246,-45.82106203,0.534526772,159.3669535,150.4601428,0.006646278,49.2719142,2.065638138,25.65427026,0.133724108,16.77253901,8.268253,15.58116285,2.61E+17,0.535769716,161.2648849,0.006200978,49.37702569,2.138546423,0.1389213,0.064960619,16.72847479,6.62E-05,0.000583906,0.000939886,0.094917957,3.82E-05,0.000588584,-4.317442
HFR.1,HFR,28.5,0,0,0,0,0,0,0.10276712,0,,,0.01284589,5.424658,0.002368055,0,0.002368055,0.002368055,3.349904087,0,,,16.87873,290.02873,40.01316327,,,,0.7256927,,,,,0,,,0.534526772,159.3669535,150.4601428,0.006646278,49.2719142,2.065638138,25.65427026,0.133724108,16.77253901,8.268253,15.58116285,2.61E+17,0.550344898,162.4465686,0.00615587,49.0603276,2.13634791,0.1318575,0.061720986,15.69159862,0.000137534,0.001273041,0.002008314,0.208457936,7.92E-05,0.00128324,-4.317442
HFR.1,HFR,29.5,0,0,0,0,0,0,0.133780464,0,,,0.016722558,5.424658,0.003082694,0,0.003082694,0.003082694,3.384390263,0,,,16.87873,290.02873,40.01316327,,,,0.7256927,,,,,0,,,0.534526772,159.3669535,150.4601428,0.006646278,49.2719142,2.065638138,25.65427026,0.133724108,16.77253901,8.268253,15.58116285,2.61E+17,0.509593718,137.491573,0.007273173,49.48802383,1.929632085,0.136943275,0.070968593,16.17797759,0.000173657,0.001644783,0.002748881,0.227955538,0.000117663,0.00165796,-4.317442
LUQ.1,LUQ,0.5,0.107146287,0.016257165,0.083501752,0.090862796,0.026548842,0.13054595,,,,,0.075810465,12,0.006317539,0.001539371,0.007856909,0.004778168,-0.693147181,0.02174774,-3.828245427,-4.983490728,23.61466,296.76466,39.10494911,0.004165931,,,-0.6007238,,,,,,,,0.562502243,139.720646,143.8343104,0.006952444,46.56197412,2.25512043,22.57649764,0.14483826,26.45694098,23.61466,14.22272674,9.63E+16,0.638186478,145.3091971,0.006881877,46.21451646,2.407011325,0.08291645,0.034447885,7.010435058,0.000908567,0.000567697,0.000801603,0.083169329,1.97E-05,0.000572361,-4.356629
LUQ.1,LUQ,1.5,0.130797333,0.083603463,0.094607148,0.093739317,0.087426496,0.258371902,,,,,0.12475761,12,0.010396468,0.002299744,0.012696212,0.008096723,0.405465108,0.007217857,-4.931197165,-4.255421985,23.61466,296.76466,39.10494911,0.013263801,0.007337891,-4.914703779,-0.6007238,0.014634473,-4.224375348,,0.000264998,1.08E-19,-8.235788598,-43.67448867,0.562502243,139.720646,143.8343104,0.006952444,46.56197412,2.25512043,22.57649764,0.14483826,26.45694098,23.61466,14.22272674,9.63E+16,0.581244659,138.4046068,0.007225193,44.8336499,2.11606606,0.08881075,0.041969744,8.726048661,0.001201218,0.001561214,0.002364541,0.217854586,6.61E-05,0.001574041,-4.356629
LUQ.1,LUQ,2.5,0.094162156,0.056539999,0.054155475,0.054948327,0.022956583,0.285095075,,,,,0.094642936,12,0.007886911,0.003265912,0.011152824,0.004620999,0.916290732,0.003380865,-5.689623724,-4.162472504,23.61466,296.76466,39.10494911,0.013675997,0.003607528,-5.624732418,-0.6007238,0.017168259,-4.064693019,,0.00020125,8.18E-20,-8.510961753,-43.94966183,0.562502243,139.720646,143.8343104,0.006952444,46.56197412,2.25512043,22.57649764,0.14483826,26.45694098,23.61466,14.22272674,9.63E+16,0.580284391,140.90911,0.007096773,44.20574504,2.007314478,0.088496125,0.044086826,9.343664648,0.000851027,0.00155483,0.002357796,0.220889924,6.91E-05,0.001567606,-4.356629
LUQ.1,LUQ,3.5,0.104933122,0.009872955,0.055017463,0.033655972,0.046688801,0.185740301,,,,,0.072651436,12,0.006054286,0.00216656,0.008220846,0.003887727,1.252762968,0.001824188,-6.306620144,-4.218681864,23.61466,296.76466,39.10494911,0.012849836,0.002065907,-6.182185695,-0.6007238,0.017434883,-4.049282327,,0.000153473,6.24E-20,-8.781983045,-44.22068312,0.562502243,139.720646,143.8343104,0.006952444,46.56197412,2.25512043,22.57649764,0.14483826,26.45694098,23.61466,14.22272674,9.63E+16,0.616883573,136.0299503,0.007351322,44.08316446,2.011730969,0.078697256,0.039119175,7.644900215,0.000798445,0.001825589,0.002644262,0.250375297,7.20E-05,0.001840589,-4.356629
LUQ.1,LUQ,4.5,0.059837797,0.015334741,0.030103828,0.103868297,0.0134569,0.090365202,,,,,0.052161128,12,0.004346761,0.001320497,0.005667258,0.003026264,1.504077397,0.001004301,-6.903463415,-4.396667754,23.61466,296.76466,39.10494911,0.010729168,0.001226506,-6.703585665,-0.6007238,0.015878258,-4.142804555,,0.000112851,4.59E-20,-9.089444145,-44.52814422,0.562502243,139.720646,143.8343104,0.006952444,46.56197412,2.25512043,22.57649764,0.14483826,26.45694098,23.61466,14.22272674,9.63E+16,0.618732766,126.7647362,0.007888629,45.61115513,1.950473213,0.0811459,0.041603186,7.559580775,0.000579725,0.001567267,0.002265007,0.200306625,6.57E-05,0.001580145,-4.356629
LUQ.1,LUQ,5.5,0.070162242,0.053618315,0.074730728,0.137870193,0.021924737,0.093872696,,,,,0.075363152,12,0.006280263,0.001326867,0.007607129,0.004953396,1.704748092,0.001173335,-6.747905478,-3.906658658,23.61466,296.76466,39.10494911,0.017487644,0.001492516,-6.507292096,-0.6007238,0.027191327,-3.604857206,,0.000162908,6.62E-20,-8.722323686,-44.16102376,0.562502243,139.720646,143.8343104,0.006952444,46.56197412,2.25512043,22.57649764,0.14483826,26.45694098,23.61466,14.22272674,9.63E+16,0.640557944,155.2667004,0.006440531,45.57475914,2.422245005,0.09700975,0.04004952,8.68474006,0.000729079,0.002253181,0.003172715,0.352718513,9.10E-05,0.002271695,-4.356629
LUQ.1,LUQ,6.5,0.067821737,0.026051407,0.134653505,0,0,0.050430676,,,,,0.046492888,12,0.003874407,0.001733637,0.005608045,0.00214077,1.871802177,0.00061785,-7.389264915,-4.26959462,23.61466,296.76466,39.10494911,0.011927287,0.000780512,-7.15556038,-0.6007238,0.018897871,-3.968705988,,9.82E-05,3.99E-20,-9.228382219,-44.66708229,0.562502243,139.720646,143.8343104,0.006952444,46.56197412,2.25512043,22.57649764,0.14483826,26.45694098,23.61466,14.22272674,9.63E+16,0.623980863,158.8712792,0.006294404,46.85202842,2.373276358,0.09238495,0.038927177,8.808862985,0.000443444,0.00153189,0.0021999,0.245373023,6.01E-05,0.001544477,-4.356629
LUQ.1,LUQ,7.5,0.099293359,0.021408246,0.040341514,0.019255365,0,0.147835436,,,,,0.054688987,12,0.004557416,0.001938027,0.006495442,0.002619389,2.014903021,0.000650534,-7.33771722,-3.979545519,23.61466,296.76466,39.10494911,0.015289341,0.000815808,-7.111331042,-0.6007238,0.025201823,-3.680838965,,0.000115952,4.71E-20,-9.062334038,-44.50103411,0.562502243,139.720646,143.8343104,0.006952444,46.56197412,2.25512043,22.57649764,0.14483826,26.45694098,23.61466,14.22272674,9.63E+16,0.631756443,150.6275587,0.006638891,45.77143453,2.21130591,0.102820547,0.046497658,9.883784302,0.000464889,0.001766727,0.002513686,0.268304417,8.28E-05,0.001781244,-4.356629
LUQ.1,LUQ,8.5,0.101779788,0,0.039550299,0.040608665,0.039029595,0,,,,,0.036828058,12,0.003069005,0.001269103,0.004338108,0.001799902,2.140066163,0.000357153,-7.937347618,-4.370570679,23.61466,296.76466,39.10494911,0.011099966,0.000493556,-7.613874614,-0.6007238,0.018868058,-3.970284851,,7.80E-05,3.17E-20,-9.458328767,-44.89702884,0.562502243,139.720646,143.8343104,0.006952444,46.56197412,2.25512043,22.57649764,0.14483826,26.45694098,23.61466,14.22272674,9.63E+16,0.598231608,148.3859908,0.006739181,45.98842391,2.356322003,0.10126925,0.042977679,9.375271198,0.000330041,0.00136341,0.002020823,0.203973183,5.91E-05,0.001374612,-4.356629
LUQ.1,LUQ,9.5,0,0,0.041165036,0.051417691,0,0.058758563,,,,,0.025223548,12,0.002101962,0.000959063,0.003061025,0.001142899,2.251291799,0.000233358,-8.36293732,-4.610784323,23.61466,296.76466,39.10494911,0.008127683,0.00031499,-8.062969684,-0.6007238,0.014552221,-4.23001167,,5.47E-05,2.23E-20,-9.812739711,-45.25143979,0.562502243,139.720646,143.8343104,0.006952444,46.56197412,2.25512043,22.57649764,0.14483826,26.45694098,23.61466,14.22272674,9.63E+16,0.631364316,142.3351323,0.007025672,47.33729579,2.365087493,0.089536875,0.037857743,7.607760049,0.000278562,0.001239321,0.001764118,0.177848292,4.73E-05,0.001249504,-4.356629
LUQ.1,LUQ,10.5,0.022853752,0.032273474,0,0,0,0.066512236,,,,,0.020273244,12,0.001689437,0.000902892,0.002592329,0.000786545,2.351375257,0.000174497,-8.65360099,-4.734642228,23.61466,296.76466,39.10494911,0.006937368,0.000227053,-8.390327653,-0.6007238,0.01243834,-4.386971606,,4.30E-05,1.75E-20,-10.05489866,-45.49359874,0.562502243,139.720646,143.8343104,0.006952444,46.56197412,2.25512043,22.57649764,0.14483826,26.45694098,23.61466,14.22272674,9.63E+16,0.615666502,145.7704342,0.006860102,47.26348581,2.340207004,0.070667277,0.03019702,6.33321723,0.00026895,0.001279118,0.001855475,0.187989558,3.89E-05,0.001289627,-4.356629
LUQ.1,LUQ,11.5,0.039885471,0,0.020792559,0.056614433,0.046466389,0.144303372,,,,,0.051343704,12,0.004278642,0.001693801,0.005972443,0.002584841,2.442347035,0.000392023,-7.844189984,-3.773611592,23.61466,296.76466,39.10494911,0.018556343,0.000534077,-7.534969908,-0.6007238,0.034159006,-3.376729005,,0.000109225,4.44E-20,-9.122098492,-44.56079857,0.562502243,139.720646,143.8343104,0.006952444,46.56197412,2.25512043,22.57649764,0.14483826,26.45694098,23.61466,14.22272674,9.63E+16,0.651385077,143.9956371,0.006944655,45.8892264,2.303979978,0.10730855,0.046575296,9.24967782,0.000466373,0.002356738,0.003277077,0.342148287,0.000110668,0.002376102,-4.356629
LUQ.1,LUQ,12.5,0.054983615,0.028081607,0.054521568,0.124698577,0,0.085267954,,,,,0.057925554,12,0.00482713,0.001480781,0.00630791,0.003346349,2.525728644,0.000400635,-7.82245967,-3.612911929,23.61466,296.76466,39.10494911,0.022010449,0.000573562,-7.463645021,-0.6007238,0.042279964,-3.163441975,,0.000125929,5.12E-20,-8.979792533,-44.41849261,0.562502243,139.720646,143.8343104,0.006952444,46.56197412,2.25512043,22.57649764,0.14483826,26.45694098,23.61466,14.22272674,9.63E+16,0.6523191,122.9185142,0.008135471,46.67309439,1.96264416,0.078476175,0.039984923,6.771244433,0.000718744,0.003839669,0.005333379,0.475844283,0.00015479,0.003871217,-4.356629
LUQ.1,LUQ,13.5,0.027120251,0,0,0.054948327,0,0.025530563,,,,,0.01793319,12,0.001494433,0.000757225,0.002251657,0.000737208,2.602689685,0.000114749,-9.072763262,-4.73494712,23.61466,296.76466,39.10494911,0.007136655,0.000167912,-8.692071691,-0.6007238,0.014110474,-4.260837902,,3.94E-05,1.60E-20,-10.14270383,-45.58140391,0.562502243,139.720646,143.8343104,0.006952444,46.56197412,2.25512043,22.57649764,0.14483826,26.45694098,23.61466,14.22272674,9.63E+16,0.667006096,131.8892001,0.007582122,46.58918294,2.26758599,0.06798575,0.029981553,5.357547249,0.000281232,0.001581489,0.002160343,0.210295179,4.78E-05,0.001594484,-4.356629
LUQ.1,LUQ,14.5,0.04730849,0,0,0.02250355,0.025341938,0.02923113,,,,,0.020730851,12,0.001727571,0.000620366,0.002347936,0.001107205,2.674148649,0.000121398,-9.016433172,-4.559518756,23.61466,296.76466,39.10494911,0.008611867,0.000176188,-8.643961265,-0.6007238,0.016721427,-4.091064345,,4.39E-05,1.78E-20,-10.03376184,-45.47246191,0.562502243,139.720646,143.8343104,0.006952444,46.56197412,2.25512043,22.57649764,0.14483826,26.45694098,23.61466,14.22272674,9.63E+16,0.590248999,99.36679122,0.010063724,47.73347216,1.922764153,0.060754875,0.031597674,4.662511719,0.000373568,0.002203237,0.003298668,0.220727461,7.02E-05,0.00222134,-4.356629
LUQ.1,LUQ,15.5,0.027120251,0,0,0.020986325,0.023509806,0.155446064,,,,,0.037843741,12,0.003153645,0.002001113,0.005154758,0.001152532,2.740840024,0.000221744,-8.413986859,-3.845920153,23.61466,296.76466,39.10494911,0.016363394,0.000303793,-8.099164499,-0.6007238,0.032298918,-3.432721552,,8.01E-05,3.26E-20,-9.43219206,-44.87089214,0.562502243,139.720646,143.8343104,0.006952444,46.56197412,2.25512043,22.57649764,0.14483826,26.45694098,23.61466,14.22272674,9.63E+16,0.660055204,134.1169904,0.007456177,47.57693332,2.311249993,0.060369925,0.026120033,4.78379233,0.000664652,0.004098217,0.005642396,0.554156649,0.000107925,0.00413189,-4.356629
LUQ.1,LUQ,16.5,0.021870717,0,0,0.0249042,0,0.098458961,,,,,0.024205646,12,0.002017137,0.0012979,0.003315037,0.000719237,2.803360381,0.00013444,-8.914389282,-4.24212198,23.61466,296.76466,39.10494911,0.010866934,0.000186228,-8.588540478,-0.6007238,0.022023331,-3.815652909,,5.18E-05,2.11E-20,-9.868345728,-45.3070458,0.562502243,139.720646,143.8343104,0.006952444,46.56197412,2.25512043,22.57649764,0.14483826,26.45694098,23.61466,14.22272674,9.63E+16,0.56163172,126.6111408,0.007898199,46.32177894,2.070784838,0.137897645,0.066591972,12.99586147,0.000156489,0.001005973,0.001563332,0.128413891,6.75E-05,0.001014238,-4.356629
LUQ.1,LUQ,17.5,0,0.037936562,0,0,0,0.044825307,,,,,0.013793645,12,0.00114947,0.000730757,0.001880227,0.000418714,2.862200881,7.11E-05,-9.551580233,-4.781245431,23.61466,296.76466,39.10494911,0.00641535,0.000100502,-9.205334126,-0.6007238,0.013137729,-4.332267112,,2.94E-05,1.19E-20,-10.43504965,-45.87374973,0.562502243,139.720646,143.8343104,0.006952444,46.56197412,2.25512043,22.57649764,0.14483826,26.45694098,23.61466,14.22272674,9.63E+16,0.622573417,102.7868503,0.009728871,47.18269264,1.736218433,0.090430975,0.052085022,7.638489378,0.00015172,0.001014337,0.001459127,0.105117144,5.33E-05,0.001022671,-4.356629
LUQ.1,LUQ,18.5,0,0,0,0,0,0.235578001,,,,,0.039263,12,0.003271917,0.003271917,0.006543833,-1.38889E-11,2.917770732,0.000202369,-8.505417462,-3.642466242,23.61466,296.76466,39.10494911,0.01888089,0.000270676,-8.214586478,-0.6007238,0.038894264,-3.246908491,,8.30E-05,3.37E-20,-9.396996519,-44.83569659,0.562502243,139.720646,143.8343104,0.006952444,46.56197412,2.25512043,22.57649764,0.14483826,26.45694098,23.61466,14.22272674,9.63E+16,0.624726734,116.9284996,0.008552235,47.56254127,1.957480223,0.09492315,0.048492521,8.069145889,0.000408817,0.002836324,0.00406951,0.334372104,0.000138671,0.002859629,-4.356629
LUQ.1,LUQ,19.5,0,0,0,0.069205888,0.084889148,0.134653505,,,,,0.048124757,12,0.004010396,0.001938358,0.005948754,0.002072039,2.970414466,0.000213124,-8.45363446,-3.502943684,23.61466,296.76466,39.10494911,0.02388591,0.0002053,-8.491037453,-0.6007238,0.03226635,-3.433730382,,6.58E-05,2.68E-20,-9.628632952,-45.06733303,0.562502243,139.720646,143.8343104,0.006952444,46.56197412,2.25512043,22.57649764,0.14483826,26.45694098,23.61466,14.22272674,9.63E+16,0.603028073,152.8612718,0.006541879,45.31830674,2.380499393,0.1503063,0.063140659,14.10436149,0.000286674,0.002059951,0.003034992,0.317474004,0.000131135,0.002076877,-4.356629
LUQ.1,LUQ,20.5,0,0,0,0,0.072300461,0.290099569,,,,,0.060400005,12,0.005033334,0.003952734,0.008986068,0.001080599,3.020424886,0.000268871,-8.221280487,-3.18723901,23.61466,296.76466,39.10494911,0.030892816,0.000108941,-9.124702494,-0.6007238,0.018643649,-3.982249712,,3.64E-05,1.48E-20,-10.21972514,-45.65842521,0.562502243,139.720646,143.8343104,0.006952444,46.56197412,2.25512043,22.57649764,0.14483826,26.45694098,23.61466,14.22272674,9.63E+16,0.622207883,105.0675918,0.009517683,48.11085854,1.989818025,0.060980875,0.030646458,4.596184327,0.001104109,0.008202777,0.011804921,0.868927342,0.000253452,0.008270175,-4.356629
LUQ.1,LUQ,21.5,0.119779358,0,0,0,0,0.096111106,,,,,0.035981744,12,0.002998479,0.001913423,0.004911901,0.001085056,3.068052935,0.000149753,-8.806522597,-3.693101039,23.61466,296.76466,39.10494911,0.018937753,0.000583016,-7.447296485,-0.6007238,0.108202141,-2.223754121,,0.000203108,8.26E-20,-8.501774338,-43.94047441,0.562502243,139.720646,143.8343104,0.006952444,46.56197412,2.25512043,22.57649764,0.14483826,26.45694098,23.61466,14.22272674,9.63E+16,0.475007798,81.18776825,0.012317126,43.8931,1.9722,0.148400775,0.075246311,10.67702509,0.000283142,0.002171416,0.003826232,0.177740933,0.000164734,0.002189258,-4.356629
NWT.1,NWT,0.5,0.005702579,0.005424274,0.001646599,0.007639806,0.007248812,0.003361348,0.021505111,0.078359077,,,0.016360951,5.358904,0.003053041,0.000175234,0.003228275,0.002877806,-0.693147181,0.002278488,-6.084243178,-7.239488479,8.811617,281.961617,41.15796699,0.001083896,,,-0.9423011,,,,,,,,0.506895583,,38.2845121,0.026120223,50.486601,1.3453035,39.40606,0.079216753,17.79495683,2.505485,3.75258903,6.70E+17,0.511678392,41.70858771,0.023975878,48.6825635,1.2821185,0.08181135,0.063809507,4.399092243,0.000694125,0.000433875,0.000722775,0.018237964,2.79E-05,0.000437271,-3.438871
NWT.1,NWT,1.5,0,0,0,0,0,0.024428877,0.057158414,0,,,0.010198411,5.358904,0.001903078,0.00075976,0.002662837,0.001143318,0.405465108,0,,,8.811617,281.961617,41.15796699,0.000946984,0.000460472,-7.683258954,-0.9423011,0.000460472,-7.683258954,,1.80E-05,9.89E-22,-10.92430281,-48.36485229,0.506895583,,38.2845121,0.026120223,50.486601,1.3453035,39.40606,0.079216753,17.79495683,2.505485,3.75258903,6.70E+17,0.508134558,41.09762,0.024332309,49.1974665,1.304016,0.0814045,0.062425998,4.262831011,0.000446505,0.000580544,0.000972157,0.024045696,3.65E-05,0.000585087,-3.438871
NWT.1,NWT,2.5,0.036673255,0,0,0,0.063104517,0,0.016837916,0,,,0.014576961,5.358904,0.002720138,0.00206333,0.004783468,0.000656809,0.916290732,0.001108642,-6.804619517,-5.277468297,8.811617,281.961617,41.15796699,0.007315508,0.000931211,-6.979024251,-0.9423011,0.000931211,-6.979024251,,6.64E-05,3.65E-21,-9.61990828,-47.06045775,0.506895583,,38.2845121,0.026120223,50.486601,1.3453035,39.40606,0.079216753,17.79495683,2.505485,3.75258903,6.70E+17,0.511361139,39.84461323,0.025097495,49.190598,1.2933445,0.0792847,0.061302074,4.039233797,0.000673535,0.001231027,0.00205167,0.04943368,7.61E-05,0.001240662,-3.438871
NWT.1,NWT,3.5,0,0,0,0,0.048647295,0.017699577,0.006555399,0.054067221,,,0.015871187,5.358904,0.002961648,0.001502987,0.004464635,0.001458661,1.252762968,0.000526562,-7.54914057,-5.461202289,8.811617,281.961617,41.15796699,0.007439709,0.000422475,-7.769379779,-0.9423011,0.000422475,-7.769379779,,4.47E-05,2.46E-21,-10.01494863,-47.45549811,0.506895583,,38.2845121,0.026120223,50.486601,1.3453035,39.40606,0.079216753,17.79495683,2.505485,3.75258903,6.70E+17,0.508163757,39.38409902,0.025390958,49.9027725,1.3212265,0.07985465,0.060439788,3.954950789,0.000748963,0.001713115,0.002868598,0.067997561,0.000104351,0.001726523,-3.438871
NWT.1,NWT,4.5,0.014103773,0.013312086,0,0.013366995,0.119062617,0.046520016,0.024700509,0.061557893,,,0.036577986,5.358904,0.006825647,0.00337218,0.010197827,0.003453467,1.504077397,0.001357152,-6.602366564,-4.095570903,8.811617,281.961617,41.15796699,0.026694088,0.001045,-6.863738108,-0.9423011,0.001045,-6.863738108,,0.000148631,8.16E-21,-8.814042165,-46.25459164,0.506895583,,38.2845121,0.026120223,50.486601,1.3453035,39.40606,0.079216753,17.79495683,2.505485,3.75258903,6.70E+17,0.506365289,39.08924644,0.025582483,50.1356385,1.33857,0.079769825,0.059593316,3.880671706,0.001759158,0.004757668,0.007987888,0.187429182,0.000285744,0.004794904,-3.438871
NWT.1,NWT,5.5,0,0.01038476,0,0,0.047735987,0.024391453,0.009376966,0.080042708,,,0.021491484,5.358904,0.004010425,0.001464109,0.005474534,0.002546316,1.704748092,0.000416728,-7.783076143,-4.941829323,8.811617,281.961617,41.15796699,0.012117613,0.000310486,-8.077373196,-0.9423011,0.000310486,-8.077373196,,5.59E-05,3.07E-21,-9.791912865,-47.23246234,0.506895583,,38.2845121,0.026120223,50.486601,1.3453035,39.40606,0.079216753,17.79495683,2.505485,3.75258903,6.70E+17,0.505334173,38.86656198,0.025729057,50.545128,1.353176,0.079974975,0.05910168,3.832586374,0.001046566,0.003235607,0.005440735,0.126741162,0.000192726,0.003260931,-3.438871
NWT.1,NWT,6.5,0,0,0,0,0.010462616,0,0.007558841,0.022472856,,,0.005061789,5.358904,0.000944557,0.000325397,0.001269953,0.00061916,1.871802177,4.47E-05,-10.0152679,-6.895597606,8.811617,281.961617,41.15796699,0.002781681,3.17E-05,-10.36015605,-0.9423011,3.17E-05,-10.36015605,,6.94E-06,3.81E-22,-11.87842688,-49.31897636,0.506895583,,38.2845121,0.026120223,50.486601,1.3453035,39.40606,0.079216753,17.79495683,2.505485,3.75258903,6.70E+17,0.50506395,38.61351864,0.025897666,50.652105,1.354517,0.079633975,0.058791418,3.789165152,0.000249317,0.000861606,0.001449389,0.033530034,5.11E-05,0.00086835,-3.438871
NWT.1,NWT,7.5,0,0.010494654,0,0,0,0,0.011758777,0,,,0.002781679,5.358904,0.000519076,0.000326393,0.000845469,0.000192683,2.014903021,3.89E-05,-10.15531126,-6.797139564,8.811617,281.961617,41.15796699,0.003930759,2.76E-05,-10.49938097,-0.9423011,2.76E-05,-10.49938097,,7.14E-06,3.92E-22,-11.84952519,-49.29007467,0.506895583,,38.2845121,0.026120223,50.486601,1.3453035,39.40606,0.079216753,17.79495683,2.505485,3.75258903,6.70E+17,0.505102684,38.83234,0.025751732,50.534155,1.352833,0.07983875,0.059015969,3.824972743,0.000135728,0.000516011,0.000867981,0.020194758,3.07E-05,0.00052005,-3.438871
NWT.1,NWT,8.5,0,0.010958515,0,0,0.012872241,0,0.004281786,0.025642431,,,0.006719372,5.358904,0.001253871,0.000471011,0.001724882,0.00078286,2.140066163,7.79E-05,-9.460363345,-5.893586405,8.811617,281.961617,41.15796699,0.005587285,5.33E-05,-9.840199323,-0.9423011,5.33E-05,-9.840199323,,1.60E-05,8.78E-22,-11.04329163,-48.4838411,0.506895583,,38.2845121,0.026120223,50.486601,1.3453035,39.40606,0.079216753,17.79495683,2.505485,3.75258903,6.70E+17,0.504129667,38.40053401,0.026041305,50.823283,1.362913,0.079506675,0.05833584,3.744260271,0.00033493,0.001384145,0.002331635,0.053567886,8.14E-05,0.001394978,-3.438871
NWT.1,NWT,9.5,0,0.013493209,0,0,0,0,0,0.01242252,,,0.003239466,5.358904,0.000604502,0.000419651,0.001024152,0.000184851,2.251291799,3.95E-05,-10.14037952,-6.388226522,8.811617,281.961617,41.15796699,0.00297806,2.68E-05,-10.52579055,-0.9423011,2.68E-05,-10.52579055,,9.18E-06,5.04E-22,-11.59820585,-49.03875532,0.506895583,,38.2845121,0.026120223,50.486601,1.3453035,39.40606,0.079216753,17.79495683,2.505485,3.75258903,6.70E+17,0.50390743,38.54298916,0.025945056,50.851617,1.3642035,0.079855725,0.05853652,3.772326015,0.000160271,0.000713323,0.001202012,0.027708772,4.21E-05,0.000718906,-3.438871
NWT.1,NWT,10.5,0.012223221,0,0,0,0,0,0.004718158,0,,,0.002117672,5.358904,0.000395169,0.000380153,0.000775322,1.50159E-05,2.351375257,3.23E-05,-10.339312,-6.420353234,8.811617,281.961617,41.15796699,0.004108892,2.13E-05,-10.75889185,-0.9423011,2.13E-05,-10.75889185,,8.18E-06,4.49E-22,-11.7137209,-49.15427037,0.506895583,,38.2845121,0.026120223,50.486601,1.3453035,39.40606,0.079216753,17.79495683,2.505485,3.75258903,6.70E+17,0.503708115,38.1883443,0.026186,51.018509,1.372649,0.079577775,0.05797387,3.702788554,0.000106739,0.000507843,0.000856014,0.019545468,2.97E-05,0.000511818,-3.438871
NWT.1,NWT,11.5,0,0,0,0,0.012420573,0,0,0,,,0.001552572,5.358904,0.000289718,0.000386291,0.000676009,-9.65726E-05,2.442347035,3.00E-05,-10.41426703,-6.343688634,8.811617,281.961617,41.15796699,0.004578346,1.92E-05,-10.85893282,-0.9423011,1.92E-05,-10.85893282,,8.24E-06,4.52E-22,-11.70688077,-49.14743024,0.506895583,,38.2845121,0.026120223,50.486601,1.3453035,39.40606,0.079216753,17.79495683,2.505485,3.75258903,6.70E+17,0.503084453,38.3039055,0.026106998,50.9784155,1.3719565,0.079665125,0.058066801,3.723405069,7.78E-05,0.000393413,0.000663749,0.015187208,2.30E-05,0.000396492,-3.438871
NWT.1,NWT,12.5,0,0,0,0,0,0,0,0,,,,5.358904,,,,,2.525728644,0,,,8.811617,281.961617,41.15796699,,,,-0.9423011,,,,,0,,,0.506895583,,38.2845121,0.026120223,50.486601,1.3453035,39.40606,0.079216753,17.79495683,2.505485,3.75258903,6.70E+17,0.503252044,38.21800046,0.026165681,51.015999,1.37207,0.079641025,0.058044433,3.712695853,,,,,,,-3.438871
NWT.1,NWT,13.5,0,0,0,0.013366995,0,0,0,0,,,0.001670874,5.358904,0.000311794,0.000415725,0.000727519,-0.000103931,2.602689685,2.75E-05,-10.50117532,-6.163359174,8.811617,281.961617,41.15796699,0.004108249,1.78E-05,-10.9335242,-0.9423011,1.78E-05,-10.9335242,,9.23E-06,5.07E-22,-11.59308846,-49.03363793,0.506895583,,38.2845121,0.026120223,50.486601,1.3453035,39.40606,0.079216753,17.79495683,2.505485,3.75258903,6.70E+17,0.505869814,38.34406954,0.026079652,50.5483235,1.347597,0.07908795,0.058688132,3.751624928,8.31E-05,0.000467613,0.000785675,0.018070502,2.77E-05,0.000471272,-3.438871
NWT.1,NWT,14.5,0,0,0,0,0,0,0,0,,,,5.358904,,,,,2.674148649,3.48E-05,-10.26656607,-5.809651651,8.811617,281.961617,41.15796699,0.005967935,2.14E-05,-10.75177048,-0.9423011,2.14E-05,-10.75177048,,1.20E-05,6.61E-22,-11.32737888,-48.76792836,0.506895583,,38.2845121,0.026120223,50.486601,1.3453035,39.40606,0.079216753,17.79495683,2.505485,3.75258903,6.70E+17,0.504730697,37.5916825,0.026601629,50.996697,1.3658575,0.0786743,0.057600665,3.615967103,,,,,,,-3.438871
NWT.1,NWT,15.5,0,0,0,0,0,0,0,0,,,,5.358904,,,,,2.740840024,0,,,8.811617,281.961617,41.15796699,,,,-0.9423011,,,,,0,,,0.506895583,,38.2845121,0.026120223,50.486601,1.3453035,39.40606,0.079216753,17.79495683,2.505485,3.75258903,6.70E+17,0.506797903,38.7172691,0.025828268,50.336706,1.3406985,0.079189925,0.05906617,3.807302799,,,,,,,-3.438871
NWT.1,NWT,16.5,0,0,0,0,0,0,0.008925019,0,,,0.001115627,5.358904,0.000208182,0,0.000208182,0.000208182,2.803360381,0,,,8.811617,281.961617,41.15796699,0.00331401,,,-0.9423011,,,,,0,,,0.506895583,,38.2845121,0.026120223,50.486601,1.3453035,39.40606,0.079216753,17.79495683,2.505485,3.75258903,6.70E+17,0.505140427,38.33666395,0.02608469,50.7273675,1.353764,0.0791644,0.058477253,3.741469301,5.57E-05,0.000357882,0.000601959,0.013827383,2.11E-05,0.000360683,-3.438871
NWT.1,NWT,17.5,0,0.019638969,0,0,0,0,0,0,,,0.002454871,5.358904,0.000458092,0.000610789,0.001068881,-0.000152697,2.862200881,3.12E-05,-10.37595928,-5.605624479,8.811617,281.961617,41.15796699,0.007708023,1.91E-05,-10.86820786,-0.9423011,1.91E-05,-10.86820786,,1.34E-05,7.34E-22,-11.22287708,-48.66342655,0.506895583,,38.2845121,0.026120223,50.486601,1.3453035,39.40606,0.079216753,17.79495683,2.505485,3.75258903,6.70E+17,0.505692651,38.30637401,0.026105316,50.6862185,1.3554875,0.079318375,0.058516493,3.737957455,0.000122571,0.000819772,0.001377729,0.031648248,4.83E-05,0.000826188,-3.438871
NWT.1,NWT,18.5,0,0,0,0,0.024988139,0,0,0,,,0.003123517,5.358904,0.000582865,0.000777153,0.001360018,-0.000194288,2.917770732,3.75E-05,-10.19064368,-5.327692463,8.811617,281.961617,41.15796699,0.013559696,2.21E-05,-10.71845417,-0.9423011,2.21E-05,-10.71845417,,1.66E-05,9.10E-22,-11.00783537,-48.44838484,0.506895583,,38.2845121,0.026120223,50.486601,1.3453035,39.40606,0.079216753,17.79495683,2.505485,3.75258903,6.70E+17,0.505825544,38.6855859,0.025849421,50.4729525,1.3459955,0.079571475,0.059117192,3.812961421,0.000152888,0.001061131,0.001783011,0.041371738,6.32E-05,0.001069435,-3.438871
NWT.1,NWT,19.5,0,0,0,0,0,0,0,0,,,,5.358904,,,,,2.970414466,0,,,8.811617,281.961617,41.15796699,0.005457139,,,-0.9423011,,,,,0,,,0.506895583,,38.2845121,0.026120223,50.486601,1.3453035,39.40606,0.079216753,17.79495683,2.505485,3.75258903,6.70E+17,0.505880726,38.91843748,0.025694762,50.323607,1.3466875,0.07979795,0.059254987,3.844538382,,,,,,,-3.438871
NWT.1,NWT,20.5,0,0,0.055764306,0,0,0,0,0,,,0.006970538,5.358904,0.001300739,0.001734319,0.003035059,-0.00043358,3.020424886,7.56E-05,-9.490565113,-4.456523636,8.811617,281.961617,41.15796699,0.025405726,4.57E-05,-9.994090268,-0.9423011,4.57E-05,-9.994090268,,3.86E-05,2.12E-21,-10.16286495,-47.60341443,0.506895583,,38.2845121,0.026120223,50.486601,1.3453035,39.40606,0.079216753,17.79495683,2.505485,3.75258903,6.70E+17,0.509617222,38.61850776,0.02589432,49.919883,1.3192495,0.07884585,0.059765685,3.826611015,0.000339973,0.002526741,0.004221953,0.098342659,0.000152194,0.002546516,-3.438871
NWT.1,NWT,21.5,0,0,0,0,0,0,0,0,,,,5.358904,,,,,3.068052935,5.38E-05,-9.830018224,-4.716596666,8.811617,281.961617,41.15796699,0.019846536,3.09E-05,-10.38411,-0.9423011,3.09E-05,-10.38411,,2.76E-05,1.52E-21,-10.49692735,-47.93747682,0.506895583,,38.2845121,0.026120223,50.486601,1.3453035,39.40606,0.079216753,17.79495683,2.505485,3.75258903,6.70E+17,0.508156404,38.06268532,0.02627245,50.521268,1.338481,0.079010075,0.059029657,3.733117291,,,,,,,-3.438871
NWT.1,NWT,22.5,0,0.05668603,0,0.036831875,0,0,0.013469498,0,,,0.013373425,5.358904,0.002495552,0.001900657,0.004396209,0.000594896,3.113515309,0.000115454,-9.066636611,-3.877444429,8.811617,281.961617,41.15796699,0.053211306,6.79E-05,-9.597093182,-0.9423011,6.79E-05,-9.597093182,,6.40E-05,3.52E-21,-9.656497605,-47.09704708,0.506895583,,38.2845121,0.026120223,50.486601,1.3453035,39.40606,0.079216753,17.79495683,2.505485,3.75258903,6.70E+17,0.506372136,38.79085004,0.025779275,50.2632785,1.3401735,0.079734275,0.059495487,3.844686833,0.000649193,0.005133847,0.008619386,0.200704901,0.000307831,0.005174027,-3.438871
NWT.1,NWT,23.5,0,0,0.04760016,0,0,0,0,0,,,0.00595002,5.358904,0.001110305,0.001480407,0.002590713,-0.000370102,3.157000421,5.63E-05,-9.785438513,-4.523771144,8.811617,281.961617,41.15796699,0.024664673,3.32E-05,-10.3128487,-0.9423011,3.32E-05,-10.3128487,,3.29E-05,1.81E-21,-10.32116325,-47.76171272,0.506895583,,38.2845121,0.026120223,50.486601,1.3453035,39.40606,0.079216753,17.79495683,2.505485,3.75258903,6.70E+17,0.506937878,38.55211307,0.025938915,50.5241245,1.3451325,0.079676925,0.059233514,3.801015396,0.000292153,0.002378321,0.003989699,0.092406905,0.000141979,0.002396935,-3.438871
NWT.1,NWT,24.5,0,0,0,0.051571501,0,0,0,0,,,0.006446438,5.358904,0.00120294,0.001603919,0.002806859,-0.00040098,3.198673118,5.85E-05,-9.746978117,-4.415856255,8.811617,281.961617,41.15796699,0.027792698,3.42E-05,-10.28355403,-0.9423011,3.42E-05,-10.28355403,,3.56E-05,1.96E-21,-10.24290808,-47.68345755,0.506895583,,38.2845121,0.026120223,50.486601,1.3453035,39.40606,0.079216753,17.79495683,2.505485,3.75258903,6.70E+17,0.511371404,37.66653767,0.026548763,50.262385,1.318856,0.07832265,0.059386809,3.699076952,0.000325251,0.002722347,0.004537085,0.103343927,0.000162937,0.002743653,-3.438871
NWT.1,NWT,25.5,0,0.086292275,0,0.058230245,0,0.064538521,0,0,,,0.02613263,5.358904,0.004876488,0.002993047,0.007869535,0.001883441,3.238678452,0.000227735,-8.387326401,-2.98952898,8.811617,281.961617,41.15796699,0.11699456,0.000132267,-8.930690713,-0.9423011,0.000132267,-8.930690713,,0.000144383,7.93E-21,-8.843043212,-46.28359269,0.506895583,,38.2845121,0.026120223,50.486601,1.3453035,39.40606,0.079216753,17.79495683,2.505485,3.75258903,6.70E+17,0.503994995,38.25429151,0.026140858,50.967547,1.3695025,0.079511675,0.058058802,3.713030941,0.00131355,0.011291568,0.019024812,0.435331607,0.000660706,0.011379942,-3.438871
NWT.1,NWT,26.5,0,0,0,0,0,0,0,0,,,,5.358904,,,,,3.277144733,0,,,8.811617,281.961617,41.15796699,,,,-0.9423011,,,,,0,,,0.506895583,,38.2845121,0.026120223,50.486601,1.3453035,39.40606,0.079216753,17.79495683,2.505485,3.75258903,6.70E+17,0.510557303,37.75277038,0.026488122,50.369729,1.327335,0.078545275,0.059175171,3.698749973,,,,,,,-3.438871
NWT.1,NWT,27.5,0,0,0,0,0.073266766,0,0.027447397,0,,,0.01258927,5.358904,0.002349225,0.002278661,0.004627886,7.05634E-05,3.314186005,7.40E-05,-9.511353111,-3.987709769,8.811617,281.961617,41.15796699,0.060517855,4.89E-05,-9.926167362,-0.9423011,4.89E-05,-9.926167362,,5.83E-05,3.20E-21,-9.749807397,-47.19035687,0.506895583,,38.2845121,0.026120223,50.486601,1.3453035,39.40606,0.079216753,17.79495683,2.505485,3.75258903,6.70E+17,0.51050222,37.42086702,0.026723058,50.8909025,1.34111,0.079783975,0.059491,3.686098096,0.00063742,0.005762288,0.009615736,0.217317452,0.000345487,0.005807387,-3.438871
NWT.1,NWT,28.5,0,0,0,0,0,0.117783036,0,0.105360516,,,0.027892944,5.358904,0.005204972,0.003663157,0.008868129,0.001541815,3.349904087,0.000114798,-9.072334054,-3.489160575,8.811617,281.961617,41.15796699,0.073196928,,,-0.9423011,,,,,0,,,0.506895583,,38.2845121,0.026120223,50.486601,1.3453035,39.40606,0.079216753,17.79495683,2.505485,3.75258903,6.70E+17,0.508099857,37.60654931,0.026591113,50.5088565,1.339087,0.077738625,0.058053454,3.627686443,0.001435016,0.01328518,0.022248022,0.503519967,0.000777287,0.013389156,-3.438871
PSR.1,PSR,0.5,0.112265042,0.32826382,,,,,,,,,0.220264431,7.00274,0.031454035,0.015422447,0.046876483,0.016031588,-0.693147181,0.026415304,-3.633811738,-4.789057039,25.29655,298.44655,38.88457389,0.008502553,,,-0.635406,,,,,,,,0.487621356,148.530597,51.29394034,0.01949548,44.11522612,3.068589666,18.8596941,0.135879377,,25.72328,3.892411552,7.80E+16,0.513791219,68.40283543,0.014619277,43.57677019,2.838014137,0.117561027,0.041423693,4.669097162,0.005595843,0.003496277,0.005808832,0.241130953,0.000146025,0.00352516,-2.849994
PSR.1,PSR,1.5,0.104929209,0.42582355,,,,,,,,,0.26537638,7.00274,0.037896078,0.022912056,0.060808134,0.014984022,0.405465108,0.008229742,-4.800000628,-4.124225448,25.29655,298.44655,38.88457389,0.01597228,0.074288984,-2.5997926,-0.635406,0.148206859,-1.909146284,,0.002713881,1.70E-18,-5.909375561,-40.91836058,0.487621356,148.530597,51.29394034,0.01949548,44.11522612,3.068589666,18.8596941,0.135879377,,25.72328,3.892411552,7.80E+16,0.518111975,84.38866513,0.011849933,43.76746663,3.099259431,0.116865711,0.037707625,5.210694006,0.006041166,0.007851307,0.012962752,0.668034743,0.0002985,0.007916167,-2.849994
PSR.1,PSR,2.5,0.080736866,0.33786773,,,,,,,,,0.209302298,7.00274,0.029888629,0.018359304,0.048247933,0.011529325,0.916290732,0.003799382,-5.572916873,-4.045765653,25.29655,298.44655,38.88457389,0.017002251,0.036996247,-3.296938816,-0.635406,0.176191987,-1.736181045,,0.002088172,1.30E-18,-6.17146605,-41.18045107,0.487621356,148.530597,51.29394034,0.01949548,44.11522612,3.068589666,18.8596941,0.135879377,,25.72328,3.892411552,7.80E+16,0.522584075,74.01554217,0.013510676,43.60440965,2.960522671,0.120478746,0.040695093,4.900584048,0.005066175,0.009255515,0.015182959,0.690711172,0.000379766,0.009331975,-2.849994
PSR.1,PSR,3.5,0.080166763,0.26950591,,,,,,,,,0.174836337,7.00274,0.024966847,0.013518933,0.03848578,0.011447914,1.252762968,0.002694681,-5.916475404,-3.828537124,25.29655,298.44655,38.88457389,0.020906413,0.027582078,-3.590589081,-0.635406,0.233003094,-1.456703547,,0.002073427,1.30E-18,-6.178552433,-41.18753745,0.487621356,148.530597,51.29394034,0.01949548,44.11522612,3.068589666,18.8596941,0.135879377,,25.72328,3.892411552,7.80E+16,0.516187,61.63572275,0.016224357,44.03607979,2.744530688,0.116898243,0.042593163,4.310891466,0.004810815,0.010999114,0.018210648,0.683538838,0.000472357,0.011089978,-2.849994
PSR.1,PSR,4.5,0.041055682,0.23761108,,,,,,,,,0.139333381,7.00274,0.01989698,0.014034178,0.033931158,0.005862803,1.504077397,0.001073351,-6.836969589,-4.330173928,25.29655,298.44655,38.88457389,0.012560574,0.011403827,-4.473806238,-0.635406,0.147807292,-1.911845931,,0.001061861,6.64E-19,-6.847732204,-41.85671722,0.487621356,148.530597,51.29394034,0.01949548,44.11522612,3.068589666,18.8596941,0.135879377,,25.72328,3.892411552,7.80E+16,0.496282175,60.76877644,0.016455819,44.1671051,2.857569635,0.126999801,0.044443292,4.567622482,0.00361842,0.009781851,0.016680057,0.59934176,0.000438329,0.00986266,-2.849994
PSR.1,PSR,5.5,0.063564332,0.11488078,,,,,,,,,0.089222556,7.00274,0.012741092,0.003664026,0.016405119,0.009077066,1.704748092,0.001359665,-6.600517038,-3.759270218,25.29655,298.44655,38.88457389,0.022091513,0.014882213,-4.207588521,-0.635406,0.271493492,-1.303817109,,0.001644023,1.03E-18,-6.410608934,-41.41959396,0.487621356,148.530597,51.29394034,0.01949548,44.11522612,3.068589666,18.8596941,0.135879377,,25.72328,3.892411552,7.80E+16,0.493869625,48.19451174,0.020749251,43.89014927,2.731688926,0.126609801,0.046348543,3.791616732,0.002791286,0.00862594,0.014762849,0.419157271,0.000403103,0.008697199,-2.849994
PSR.1,PSR,6.5,0.055763752,0.05957402,,,,,,,,,0.057668886,7.00274,0.008235189,0.000272056,0.008507244,0.007963133,1.871802177,0.001009299,-6.898499569,-3.778829274,25.29655,298.44655,38.88457389,0.021550785,0.011324438,-4.480792204,-0.635406,0.274591615,-1.29247032,,0.001442269,9.01E-19,-6.541537381,-41.5505224,0.487621356,148.530597,51.29394034,0.01949548,44.11522612,3.068589666,18.8596941,0.135879377,,25.72328,3.892411552,7.80E+16,0.50131635,47.87681915,0.020886935,43.70435188,2.786556438,0.133363605,0.047859646,3.84601408,0.001778627,0.00614404,0.010397839,0.296587117,0.000296481,0.006194796,-2.849994
PSR.1,PSR,7.5,0.037717411,0.13104947,,,,,,,,,0.084383441,7.00274,0.012050061,0.006663967,0.018714028,0.005386093,2.014903021,0.000591646,-7.432602635,-4.074430934,25.29655,298.44655,38.88457389,0.015964015,0.006780738,-4.993669368,-0.635406,0.209800624,-1.561597607,,0.00097552,6.10E-19,-6.932539606,-41.94152463,0.487621356,148.530597,51.29394034,0.01949548,44.11522612,3.068589666,18.8596941,0.135879377,,25.72328,3.892411552,7.80E+16,0.4936588,39.68150701,0.025200656,44.20162189,2.665146794,0.126146344,0.047331856,3.189124906,0.003138627,0.011927267,0.020419438,0.477201826,0.000569203,0.012025799,-2.849994
PSR.1,PSR,8.5,0.017792133,0.07591209,,,,,,,,,0.046852112,7.00274,0.00669054,0.004149801,0.010840341,0.002540739,2.140066163,0.000246258,-8.309131223,-4.742354284,25.29655,298.44655,38.88457389,0.008153939,0.002875201,-5.851632842,-0.635406,0.110100107,-2.206365267,,0.000460174,2.88E-19,-7.683905173,-42.69289019,0.487621356,148.530597,51.29394034,0.01949548,44.11522612,3.068589666,18.8596941,0.135879377,,25.72328,3.892411552,7.80E+16,0.462876275,37.05270342,0.026988584,44.09638453,2.565316478,0.115325432,0.044955635,2.968283287,0.001872311,0.007734238,0.013896064,0.288941818,0.00035057,0.007798131,-2.849994
PSR.1,PSR,9.5,0.022162939,0.06596212,,,,,,,,,0.04406253,7.00274,0.006292184,0.003127289,0.009419473,0.003164895,2.251291799,0.000274464,-8.200691769,-4.448538772,25.29655,298.44655,38.88457389,0.010900838,0.003257826,-5.726695268,-0.635406,0.150774152,-1.891972241,,0.000573221,3.58E-19,-7.464239873,-42.47322489,0.487621356,148.530597,51.29394034,0.01949548,44.11522612,3.068589666,18.8596941,0.135879377,,25.72328,3.892411552,7.80E+16,0.480823025,43.14969053,0.023175137,44.04459011,2.685796267,0.130117677,0.048446592,3.620361839,0.001443682,0.00642265,0.011214975,0.27942479,0.000313726,0.006475708,-2.849994
PSR.1,PSR,10.5,0,0.05957402,,,,,,,,,0.02978701,7.00274,0.004253622,0.004253622,0.008507244,0,2.351375257,0,,,25.29655,298.44655,38.88457389,,,,-0.635406,,,,,0,,,0.487621356,148.530597,51.29394034,0.01949548,44.11522612,3.068589666,18.8596941,0.135879377,,25.72328,3.892411552,7.80E+16,0.4954267,34.18990225,0.029248402,43.85049056,2.812608358,0.123076327,0.043758786,2.533544677,0.001394609,0.006632424,0.011324283,0.228635221,0.000292624,0.006687215,-2.849994
PSR.1,PSR,11.5,0.032395765,0,,,,,,,,,0.016197883,7.00274,0.002313078,0.002313078,0.004626156,7.14006E-11,2.442347035,0.000331414,-8.012140777,-3.941562385,25.29655,298.44655,38.88457389,0.017990494,0.004046894,-5.509805581,-0.635406,0.259331042,-1.349649877,,0.000837882,5.24E-19,-7.084633848,-42.09361887,0.487621356,148.530597,51.29394034,0.01949548,44.11522612,3.068589666,18.8596941,0.135879377,,25.72328,3.892411552,7.80E+16,0.49479915,45.7406782,0.021862378,44.50866153,2.636307473,0.146053827,0.055400908,4.295342235,0.000447316,0.002260338,0.003863,0.104243511,0.000126259,0.002279011,-2.849994
PSR.1,PSR,12.5,0.032395765,0,,,,,,,,,0.016197883,7.00274,0.002313078,0.002313078,0.004626156,7.14006E-11,2.525728644,0.000304901,-8.095522386,-3.885974646,25.29655,298.44655,38.88457389,0.018969353,0.003769476,-5.580819337,-0.635406,0.278416768,-1.278636121,,0.000837882,5.24E-19,-7.084633848,-42.09361887,0.487621356,148.530597,51.29394034,0.01949548,44.11522612,3.068589666,18.8596941,0.135879377,,25.72328,3.892411552,7.80E+16,0.483316125,32.11438772,0.031138691,44.73881094,2.4607145,0.1181034,0.047995572,2.659055208,0.000722578,0.003859982,0.006714054,0.124985014,0.000186793,0.00389187,-2.849994
PSR.1,PSR,13.5,0,0,,,,,,,,,,7.00274,,,,,2.602689685,0,,,25.29655,298.44655,38.88457389,,,,-0.635406,,,,,,,,0.487621356,148.530597,51.29394034,0.01949548,44.11522612,3.068589666,18.8596941,0.135879377,,25.72328,3.892411552,7.80E+16,0.448467025,34.30167144,0.029153098,43.8923403,2.484147664,0.108914954,0.043843993,2.744274187,,,,,,,-2.849994
PSR.1,PSR,14.5,0,0,,,,,,,,,,7.00274,,,,,2.674148649,0,,,25.29655,298.44655,38.88457389,,,,-0.635406,,,,,,,,0.487621356,148.530597,51.29394034,0.01949548,44.11522612,3.068589666,18.8596941,0.135879377,,25.72328,3.892411552,7.80E+16,0.463158175,57.58551768,0.017365477,44.01861431,2.703222152,0.11831695,0.043768859,4.489329709,,,,,,,-2.849994