"use","Elevation..feet.","Slope..percent.","Habitat_Type41200","Habitat_Type41365","Habitat_Type41872","Habitat_Type43020","Habitat_Type44010","Habitat_Type44100","Habitat_Type44101","Habitat_Type44102","Habitat_Type44103","Habitat_Type44104","Habitat_Type44105","Habitat_Type44106","Habitat_Type44107","Habitat_Type44108","Habitat_Type44109","Habitat_Type44110","Habitat_Type44111","Habitat_Type44112","Habitat_Type44114","Habitat_Type44121","Habitat_Type44131","Habitat_Type44132","Habitat_Type44201","Habitat_Type44203","Habitat_Type202999","Habitat_Type204999","Habitat_Type233999","Stand_Age..years.","Stand_Density_Index","Canopy_Cover..percent.","Tree_Cover..percent.","Shrub_Cover..percent.","Forb_Cover..percent.","Grass_Cover..percent.","Woody_Debris..category.1.","Woody_Debris..category.2.","Woody_Debris..category.3.","Distance.to.Road..km.","DisturbanceYes","Disturbance_TypeDisease.damage","Disturbance_TypeDisease.damage.to.trees..including.seedlings.and.saplings","Disturbance_TypeDomestic.animal.livestock..includes.grazing.","Disturbance_TypeDrought","Disturbance_TypeFire.damage..from.crown.and.ground.fire..either.prescribed.or.natural","Disturbance_TypeGround.fire.damage","Disturbance_TypeInsect.damage","Disturbance_TypeInsect.damage.to.trees..including.seedlings.and.saplings","Disturbance_TypeNone","Distance.to.Edge..m."
0,6090,14,0,0,0,1,0,0,0,0,0,0,0,0,0,0,0,0,0,0,0,0,0,0,0,0,0,0,0,98,20.8084,2,1.5,2.25,2.25,1,1,0,0,7,0,0,0,0,0,0,0,0,0,1,14
0,6330,25,0,0,0,0,0,0,0,0,0,0,0,0,0,0,0,0,0,0,0,0,0,0,0,0,0,0,1,107,283.1191,49,50.25,2.25,1,3,5,1,0,7,0,0,0,0,0,0,0,0,0,1,1699
0,5590,25,0,0,0,1,0,0,0,0,0,0,0,0,0,0,0,0,0,0,0,0,0,0,0,0,0,0,0,61,196.1808,63,14,3,1,10,3,0,0,6,0,0,0,0,0,0,0,0,0,1,342
0,5170,4,0,0,0,1,0,0,0,0,0,0,0,0,0,0,0,0,0,0,0,0,0,0,0,0,0,0,0,145,216.4483,32,1.5,3.25,1,2.25,2,0,0,6,0,0,0,0,0,0,0,0,0,1,415
0,5510,40,0,0,0,1,0,0,0,0,0,0,0,0,0,0,0,0,0,0,0,0,0,0,0,0,0,0,0,92,47.5908,8,6.5,1.25,1.5,8.25,3,5,3,4,1,0,0,0,0,1,0,0,0,0,740
0,5160,66,0,0,0,1,0,0,0,0,0,0,0,0,0,0,0,0,0,0,0,0,0,0,0,0,0,0,0,232,358.1796,34,27,2.75,1.25,5.75,1,0,0,6,0,0,0,0,0,0,0,0,0,1,390
0,5170,91,0,0,0,1,0,0,0,0,0,0,0,0,0,0,0,0,0,0,0,0,0,0,0,0,0,0,0,188,245.3931,46,36.5,3.25,3.25,15.5,4,0,0,7,0,0,0,0,0,0,0,0,0,1,762
0,7070,50,0,0,0,0,0,1,0,0,0,0,0,0,0,0,0,0,0,0,0,0,0,0,0,0,0,0,0,236,276.93,48,28.25,0.75,1,1.25,29,4,0,6,0,0,0,0,0,0,0,0,0,1,1850
0,6890,20,0,0,0,0,0,1,0,0,0,0,0,0,0,0,0,0,0,0,0,0,0,0,0,0,0,0,0,69,217.6747,53,46.5,5.5,1.25,16.25,13,6,1,5,0,0,0,0,0,0,0,0,0,1,312
0,6330,32,0,0,0,0,0,1,0,0,0,0,0,0,0,0,0,0,0,0,0,0,0,0,0,0,0,0,0,88,240.5771,27,17.75,3.25,0.5,1.25,6,0,0,7,1,0,0,0,1,0,0,0,0,0,1364
0,7430,43,0,0,0,0,0,1,0,0,0,0,0,0,0,0,0,0,0,0,0,0,0,0,0,0,0,0,0,250,299.8297,31,33.25,0.25,1,1,4,1,0,5,0,0,0,0,0,0,0,0,0,1,3218
0,6420,7,0,0,0,0,0,0,0,0,0,0,0,1,0,0,0,0,0,0,0,0,0,0,0,0,0,0,0,86,105.6205,21,28.6666666667,18.3333333333,1.66666666667,4.66666666667,3,0,1,8,0,0,0,0,0,0,0,0,0,1,1385
0,6300,21,0,0,0,0,0,0,0,1,0,0,0,0,0,0,0,0,0,0,0,0,0,0,0,0,0,0,0,141,172.2128,34,10,16.75,1.5,4.75,63,2,1,8,0,0,0,0,0,0,0,0,0,1,268
0,6590,8,0,0,0,0,0,0,0,0,0,0,0,0,0,0,0,0,0,1,0,0,0,0,0,0,0,0,0,115,169.0411,39,7.25,17,3,5,14,2,0,4,0,0,0,0,0,0,0,0,0,1,1206
0,6860,31,0,0,0,0,0,0,0,0,0,0,0,1,0,0,0,0,0,0,0,0,0,0,0,0,0,0,0,85,91.9224,14,12.25,3.5,0.75,5.5,21,2,1,7,1,0,0,0,0,0,0,0,1,0,988
0,6480,9,0,0,0,0,0,1,0,0,0,0,0,0,0,0,0,0,0,0,0,0,0,0,0,0,0,0,0,548,274.1889,25,23,2.25,1,1.75,1,0,0,6,0,0,0,0,0,0,0,0,0,1,257
0,6680,25,0,0,0,0,0,1,0,0,0,0,0,0,0,0,0,0,0,0,0,0,0,0,0,0,0,0,0,0,0,0,0,9,2.75,47.5,0,0,0,7,0,0,0,0,0,0,0,0,0,1,703
0,6190,10,0,0,0,0,0,1,0,0,0,0,0,0,0,0,0,0,0,0,0,0,0,0,0,0,0,0,0,87,22.5292,0,4.5,2.25,1.25,35.75,2,0,0,6,0,0,0,0,0,0,0,0,0,1,0
0,7110,29,0,0,0,0,0,0,0,0,0,0,0,0,0,0,0,0,0,0,1,0,0,0,0,0,0,0,0,172,118.1267,21,23.25,3,1,0.75,6,1,1,5,0,0,0,0,0,0,0,0,0,1,1419
0,5750,9,0,0,0,0,0,0,0,0,0,0,0,0,0,0,0,0,0,0,0,0,0,0,0,0,1,0,0,0,0,0,0,1.5,0,31.25,5,7,0,7,1,0,0,0,0,1,0,0,0,0,2080
0,7060,41,0,0,0,0,0,1,0,0,0,0,0,0,0,0,0,0,0,0,0,0,0,0,0,0,0,0,0,236,213.6414,28,18.75,0,0.75,2.5,20,2,5,6,1,0,0,0,1,0,0,0,0,0,1954
0,7200,19,0,0,0,0,0,1,0,0,0,0,0,0,0,0,0,0,0,0,0,0,0,0,0,0,0,0,0,131,233.7303,42,5,1.25,1,1,20,3,0,7,1,0,1,0,0,0,0,0,0,0,1016
0,6630,12,0,0,0,0,0,1,0,0,0,0,0,0,0,0,0,0,0,0,0,0,0,0,0,0,0,0,0,232,173.7262,15,17.5,6.75,1,1,0,0,0,6,0,0,0,0,0,0,0,0,0,1,276
0,6960,22,0,0,0,0,0,1,0,0,0,0,0,0,0,0,0,0,0,0,0,0,0,0,0,0,0,0,0,243,229.4011,32,18,8.5,0.75,3.75,14,0,0,5,0,0,0,0,0,0,0,0,0,1,4231
0,7730,47,0,0,0,0,0,1,0,0,0,0,0,0,0,0,0,0,0,0,0,0,0,0,0,0,0,0,0,146,37.0704,14,12.25,1,2.5,1,11,1,0,7,0,0,0,0,0,0,0,0,0,1,1413
0,6450,8,0,0,0,0,0,1,0,0,0,0,0,0,0,0,0,0,0,0,0,0,0,0,0,0,0,0,0,0,0,1,0,8,13,20,0,0,0,6,0,0,0,0,0,0,0,0,0,1,0
0,6630,46,0,0,0,0,0,0,0,0,0,0,0,0,0,0,0,0,0,0,0,0,0,0,0,0,0,0,1,186,258.021,0,23.75,0,2.75,3.5,3,0,0,5,0,0,0,0,0,0,0,0,0,1,216
0,7490,31,0,0,0,0,0,1,0,0,0,0,0,0,0,0,0,0,0,0,0,0,0,0,0,0,0,0,0,118,181.3397,29,27.5,6.25,1,1.5,8,0,0,9,0,0,0,0,0,0,0,0,0,1,2660
0,6380,23,0,0,0,0,0,0,0,0,0,1,0,0,0,0,0,0,0,0,0,0,0,0,0,0,0,0,0,207,155.846,20,5.5,2,2.25,7.5,22,0,0,7,0,0,0,0,0,0,0,0,0,1,907
0,6760,50,0,0,0,0,0,1,0,0,0,0,0,0,0,0,0,0,0,0,0,0,0,0,0,0,0,0,0,100,310.9186,31,30,4.75,1,4.75,8,4,0,9,0,0,0,0,0,0,0,0,0,1,1984
0,6850,13,0,0,0,0,0,0,0,0,0,0,0,0,0,0,0,0,0,0,0,0,0,1,0,0,0,0,0,86,129.295,39,24.5,13.25,0.75,3.5,5,0,0,6,0,0,0,0,0,0,0,0,0,1,100
0,6630,26,0,0,0,0,0,1,0,0,0,0,0,0,0,0,0,0,0,0,0,0,0,0,0,0,0,0,0,80,165.684,50,35,1.75,1,6.25,6,0,0,9,0,0,0,0,0,0,0,0,0,1,1772
0,6960,45,0,0,0,0,0,1,0,0,0,0,0,0,0,0,0,0,0,0,0,0,0,0,0,0,0,0,0,231,188.227,45,37.5,2.75,0,1.25,26,3,1,8,0,0,0,0,0,0,0,0,0,1,2254
0,7000,36,0,0,0,0,0,1,0,0,0,0,0,0,0,0,0,0,0,0,0,0,0,0,0,0,0,0,0,247,389.1132,22,31.75,0.5,1,1,5,0,0,5,0,0,0,0,0,0,0,0,0,1,1275
0,6240,38,0,0,0,0,0,0,0,0,0,0,0,1,0,0,0,0,0,0,0,0,0,0,0,0,0,0,0,64,98.7795,12,26.5,14,2.25,5,0,0,0,7,0,0,0,0,0,0,0,0,0,1,587
0,7630,35,0,0,0,0,0,1,0,0,0,0,0,0,0,0,0,0,0,0,0,0,0,0,0,0,0,0,0,203,287.0622,44,0,0,0,0,0,0,0,7,0,0,0,0,0,0,0,0,0,1,2580
0,6990,30,0,0,0,0,0,1,0,0,0,0,0,0,0,0,0,0,0,0,0,0,0,0,0,0,0,0,0,86,220.4777,54,43.75,10,3.5,8,5,2,0,7,0,0,0,0,0,0,0,0,0,1,840
0,5780,22,0,0,0,0,0,0,0,0,0,0,0,0,0,0,0,0,0,0,0,0,0,0,0,0,1,0,0,71,183.7741,28,29.75,2.25,2.25,3,5,0,0,7,0,0,0,0,0,0,0,0,0,1,2178
0,6020,39,0,0,0,0,0,0,0,0,0,0,0,0,0,0,0,0,0,0,0,0,0,0,0,0,1,0,0,223,239.1306,36,5.75,1.5,1.75,22.5,3,1,0,6,0,0,0,0,0,0,0,0,0,1,1555
0,6750,30,0,0,0,0,0,1,0,0,0,0,0,0,0,0,0,0,0,0,0,0,0,0,0,0,0,0,0,153,397.1497,51,41,0.75,1.75,4.5,7,2,2,7,0,0,0,0,0,0,0,0,0,1,1651
0,7230,18,0,0,0,0,0,1,0,0,0,0,0,0,0,0,0,0,0,0,0,0,0,0,0,0,0,0,0,262,252.3643,44,27,1.25,0,1.25,11,2,0,4,0,0,0,0,0,0,0,0,0,1,1865
0,6680,12,0,0,0,0,0,0,0,0,0,0,0,0,0,0,0,0,0,0,1,0,0,0,0,0,0,0,0,154,147.9808,23,24.75,15.75,1.25,2.75,2,0,0,9,0,0,0,0,0,0,0,0,0,1,3121
0,5880,31,0,0,0,0,0,1,0,0,0,0,0,0,0,0,0,0,0,0,0,0,0,0,0,0,0,0,0,244,348.2934,29,3.25,2.5,1,1,9,0,0,6,0,0,0,0,0,0,0,0,0,1,890
0,6760,22,0,0,0,0,0,1,0,0,0,0,0,0,0,0,0,0,0,0,0,0,0,0,0,0,0,0,0,224,150.8635,26,21,2.5,1,4,15,3,1,8,0,0,0,0,0,0,0,0,0,1,1609
0,6410,48,0,0,0,0,0,0,0,0,0,0,0,0,0,0,0,0,0,0,0,0,0,0,0,0,1,0,0,0,38.3761,19,1.75,1.5,1.5,25,1,0,0,4,0,0,0,0,0,0,0,0,0,1,0
0,6760,27,0,0,0,0,0,0,0,1,0,0,0,0,0,0,0,0,0,0,0,0,0,0,0,0,0,0,0,155,273.7549,26,22.75,3.5,1,1.25,0,0,0,8,0,0,0,0,0,0,0,0,0,1,1139
0,6070,22,0,0,0,0,0,0,0,0,0,1,0,0,0,0,0,0,0,0,0,0,0,0,0,0,0,0,0,170,273.8074,41,12.75,3.75,1.25,2,0,0,0,7,0,0,0,0,0,0,0,0,0,1,1377
0,7010,40,0,0,0,0,0,0,0,0,0,0,0,1,0,0,0,0,0,0,0,0,0,0,0,0,0,0,0,120,263.0378,52,32.5,6,1.25,7.25,42,0,0,5,0,0,0,0,0,0,0,0,0,1,2703
0,6650,12,0,0,0,0,0,0,0,0,0,1,0,0,0,0,0,0,0,0,0,0,0,0,0,0,0,0,0,243,188.6627,25,19.25,13.25,0.25,1.5,3,0,0,6,0,0,0,0,0,0,0,0,0,1,947
0,6480,7,0,0,0,0,0,0,0,0,0,1,0,0,0,0,0,0,0,0,0,0,0,0,0,0,0,0,0,215,242.0405,25,29.75,8.25,3,10.25,11,8,7,5,0,0,0,0,0,0,0,0,0,1,0
0,7590,18,0,0,0,0,0,0,0,0,0,0,0,1,0,0,0,0,0,0,0,0,0,0,0,0,0,0,0,199,118.8584,24,18.75,8,2.75,5.5,3,1,0,7,0,0,0,0,0,0,0,0,0,1,1383
0,5930,14,0,0,0,0,0,0,0,0,0,0,0,0,0,0,0,0,0,0,0,0,0,0,0,0,1,0,0,347,87.9339,11,10.75,9,1.25,16.75,1,0,0,7,0,0,0,0,0,0,0,0,0,1,-25
0,6490,5,0,0,0,0,0,0,0,0,0,1,0,0,0,0,0,0,0,0,0,0,0,0,0,0,0,0,0,250,95.5934,18,20.25,6.25,1.25,3,3,5,0,7,0,0,0,0,0,0,0,0,0,1,1271
0,7700,36,0,0,0,0,0,1,0,0,0,0,0,0,0,0,0,0,0,0,0,0,0,0,0,0,0,0,0,154,112.2068,31,34.75,4.75,1.25,1.75,4,1,1,7,0,0,0,0,0,0,0,0,0,1,2056
0,6720,30,0,0,0,0,0,1,0,0,0,0,0,0,0,0,0,0,0,0,0,0,0,0,0,0,0,0,0,126,231.6667,26,21.75,1.75,1,2.75,1,0,0,7,0,0,0,0,0,0,0,0,0,1,2007
0,6160,38,0,0,0,0,0,1,0,0,0,0,0,0,0,0,0,0,0,0,0,0,0,0,0,0,0,0,0,118,69.9024,15,11.6666666666667,5.33333333333333,1,14.3333333333333,0,0,0,4,0,0,0,0,0,0,0,0,0,1,-30
0,6920,8,0,0,0,0,0,1,0,0,0,0,0,0,0,0,0,0,0,0,0,0,0,0,0,0,0,0,0,36,133.7191,26,31.75,17.75,4.5,3.25,1,0,0,7,0,0,0,0,0,0,0,0,0,1,4911
0,7060,25,0,0,0,0,0,0,0,0,0,0,1,0,0,0,0,0,0,0,0,0,0,0,0,0,0,0,0,175,307.3383,37,14,2.25,1.25,13,21,6,3,5,0,0,0,0,0,0,0,0,0,1,2588
0,6380,18,0,0,0,0,0,1,0,0,0,0,0,0,0,0,0,0,0,0,0,0,0,0,0,0,0,0,0,145,59.2307,10,9.5,7.5,1,1,2,0,0,7,0,0,0,0,0,0,0,0,0,1,1528
0,6370,30,0,0,0,0,0,1,0,0,0,0,0,0,0,0,0,0,0,0,0,0,0,0,0,0,0,0,0,0,0,0,0.25,0.75,1.25,26.75,0,0,0,7,0,0,0,0,0,0,0,0,0,1,2782
0,7770,45,0,0,0,0,0,0,0,0,0,0,0,0,0,0,0,1,0,0,0,0,0,0,0,0,0,0,0,60,207.5054,32,20.75,3,1,1,5,2,1,8,0,0,0,0,0,0,0,0,0,1,3583
0,7530,37,0,0,0,0,0,0,0,0,0,0,0,0,0,0,0,0,0,0,0,0,0,1,0,0,0,0,0,116,152.1231,20,12.5,2,0,12.75,19,1,0,7,0,0,0,0,0,0,0,0,0,1,368
0,7200,52,0,0,0,0,0,0,0,0,0,0,0,0,0,0,0,0,0,0,0,0,0,0,0,0,0,0,1,198,73.9303,20,15.25,4.25,1,1.25,3,1,0,6,0,0,0,0,0,0,0,0,0,1,1080
0,6490,40,0,0,0,0,0,1,0,0,0,0,0,0,0,0,0,0,0,0,0,0,0,0,0,0,0,0,0,41,118.1383,13,8.5,0,0,9.5,9,2,0,6,1,0,1,0,0,0,0,0,0,0,1800
0,7120,45,0,0,0,0,0,1,0,0,0,0,0,0,0,0,0,0,0,0,0,0,0,0,0,0,0,0,0,175,67.9782,21,18.75,10.5,1,4,2,0,0,7,0,0,0,0,0,0,0,0,0,1,149
0,5840,70,0,0,0,0,0,1,0,0,0,0,0,0,0,0,0,0,0,0,0,0,0,0,0,0,0,0,0,75,59.2547,18,8.75,27.25,1,1.25,22,4,1,6,0,0,0,0,0,0,0,0,0,1,1642
0,7620,35,0,0,0,0,0,1,0,0,0,0,0,0,0,0,0,0,0,0,0,0,0,0,0,0,0,0,0,62,44.4752,13,15.3333333333333,18,0.666666666666667,2,0,0,0,6,0,0,0,0,0,0,0,0,0,1,5100
0,7850,45,0,0,0,0,0,1,0,0,0,0,0,0,0,0,0,0,0,0,0,0,0,0,0,0,0,0,0,66,67.7863,31,30,17.6666666666667,0,2.33333333333333,0,0,0,6,0,0,0,0,0,0,0,0,0,1,3200
0,7710,20,0,0,0,0,0,1,0,0,0,0,0,0,0,0,0,0,0,0,0,0,0,0,0,0,0,0,0,197,308.6078,46,50.75,0.25,1.5,1.5,6,1,1,5,0,0,0,0,0,0,0,0,0,1,3800
0,6630,30,0,0,0,0,0,0,0,0,0,0,0,0,0,0,0,0,0,1,0,0,0,0,0,0,0,0,0,124,126.7419,28,17.5,3.25,1,1.5,4,0,0,6,0,0,0,0,0,0,0,0,0,1,743
0,7010,36,0,0,0,0,0,1,0,0,0,0,0,0,0,0,0,0,0,0,0,0,0,0,0,0,0,0,0,83,277.5012,60,40.25,12.75,3.5,10.25,53,13,5,4,0,0,0,0,0,0,0,0,0,1,848
0,7310,47,0,0,0,0,0,0,0,0,0,0,0,0,0,0,0,0,0,0,0,0,1,0,0,0,0,0,0,198,13.4259,7,8,26.5,1,3.75,5,2,1,7,0,0,0,0,0,0,0,0,0,1,2700
0,7370,25,0,0,0,0,0,1,0,0,0,0,0,0,0,0,0,0,0,0,0,0,0,0,0,0,0,0,0,84,51.8677,12,2.5,13,2.25,7.25,2,0,0,6,0,0,0,0,0,0,0,0,0,1,3418
0,6550,75,0,0,0,0,0,0,0,0,0,0,0,0,0,0,0,0,0,0,0,0,0,0,0,0,1,0,0,127,68.3333,9,10,10.5,1,2.5,3,0,0,5,0,0,0,0,0,0,0,0,0,1,3865
0,7760,30,0,0,0,0,0,0,1,0,0,0,0,0,0,0,0,0,0,0,0,0,0,0,0,0,0,0,0,129,285.707,42,34.5,0,0.25,2,0,1,0,7,0,0,0,0,0,0,0,0,0,1,1985
0,6520,30,0,0,0,0,0,1,0,0,0,0,0,0,0,0,0,0,0,0,0,0,0,0,0,0,0,0,0,101,149.3381,27,7.25,1.75,1,6,42,3,0,6,1,0,1,0,0,0,0,0,0,0,614
0,7220,15,0,0,0,0,0,0,0,0,0,0,0,1,0,0,0,0,0,0,0,0,0,0,0,0,0,0,0,135,157.7349,31,37.5,2.75,0.5,3.75,0,0,0,7,0,0,0,0,0,0,0,0,0,1,3619
0,7680,30,0,0,0,0,0,1,0,0,0,0,0,0,0,0,0,0,0,0,0,0,0,0,0,0,0,0,0,116,126.9832,29,16.25,7.5,2.25,4.75,35,6,0,7,0,0,0,0,0,0,0,0,0,1,6440
0,7010,20,0,0,0,0,0,0,0,0,0,0,0,1,0,0,0,0,0,0,0,0,0,0,0,0,0,0,0,78,149.0437,41,3.5,4.75,1,1.25,5,0,1,6,0,0,0,0,0,0,0,0,0,1,722
0,6500,8,0,0,0,0,0,0,0,0,0,0,0,0,0,0,0,0,0,0,0,0,0,0,0,0,1,0,0,118,157.5894,49,12.5,2,0.25,1.25,0,0,0,7,1,0,0,0,0,1,0,0,0,0,2162
0,6450,20,0,0,0,0,0,0,0,0,0,0,0,1,0,0,0,0,0,0,0,0,0,0,0,0,0,0,0,172,0,12,22.6666666666667,9.33333333333334,1,11.6666666666667,0,0,0,5,0,0,0,0,0,0,0,0,0,1,-90
0,6790,15,0,0,0,0,0,0,0,0,0,1,0,0,0,0,0,0,0,0,0,0,0,0,0,0,0,0,0,150,313.3451,40,31.75,1.25,0,2.75,28,2,0,8,0,0,0,0,0,0,0,0,0,1,1042
0,7110,40,0,0,0,0,0,1,0,0,0,0,0,0,0,0,0,0,0,0,0,0,0,0,0,0,0,0,0,137,173.3817,40,41.25,0.5,1,8.75,6,1,0,5,0,0,0,0,0,0,0,0,0,1,649
0,6800,25,0,0,0,0,0,1,0,0,0,0,0,0,0,0,0,0,0,0,0,0,0,0,0,0,0,0,0,153,216.0464,47,31.75,2.25,1,1.75,4,1,0,7,0,0,0,0,0,0,0,0,0,1,988
0,7490,38,0,0,0,0,0,0,0,0,0,0,0,1,0,0,0,0,0,0,0,0,0,0,0,0,0,0,0,96,200.0795,35,32.25,4,0,20,4,2,1,7,0,0,0,0,0,0,0,0,0,1,4201
0,7980,70,0,0,0,0,0,0,0,0,0,0,0,0,0,0,0,0,0,0,0,1,0,0,0,0,0,0,0,183,81.4907,17,16.5,3.5,0.5,1,0,0,0,7,0,0,0,0,0,0,0,0,0,1,1809
0,7130,8,0,0,0,0,0,0,0,0,0,0,0,0,0,0,0,0,0,1,0,0,0,0,0,0,0,0,0,81,188.0454,45,29.5,1.75,1.25,3.25,2,0,0,8,0,0,0,0,0,0,0,0,0,1,895
0,6000,16,0,0,0,0,0,0,0,0,0,1,0,0,0,0,0,0,0,0,0,0,0,0,0,0,0,0,0,158,91.6265,23,13.25,6.5,1.25,1.75,2,0,0,5,0,0,0,0,0,0,0,0,0,1,1291
0,8120,55,0,0,0,0,0,0,0,0,0,0,0,0,0,0,0,0,0,0,0,1,0,0,0,0,0,0,0,108,143.4967,55,50,3,1,1.25,4,1,0,7,0,0,0,0,0,0,0,0,0,1,2801
0,6890,37,0,0,0,0,0,1,0,0,0,0,0,0,0,0,0,0,0,0,0,0,0,0,0,0,0,0,0,76,197.0391,45,46.75,4,3,1,2,0,0,6,0,0,0,0,0,0,0,0,0,1,770
0,6200,35,0,0,0,0,0,1,0,0,0,0,0,0,0,0,0,0,0,0,0,0,0,0,0,0,0,0,0,177,156.2133,20,26,3.75,2,4.75,7,4,0,5,0,0,0,0,0,0,0,0,0,1,575
0,7180,35,0,0,0,0,0,1,0,0,0,0,0,0,0,0,0,0,0,0,0,0,0,0,0,0,0,0,0,153,194.6963,43,7.75,1.25,1,2.25,3,0,0,7,0,0,0,0,0,0,0,0,0,1,565
0,7580,55,0,0,0,0,0,0,0,0,0,0,0,0,0,0,0,0,0,0,0,1,0,0,0,0,0,0,0,93,248.2615,67,52,1.25,2.5,3.75,17,1,0,7,0,0,0,0,0,0,0,0,0,1,1159
0,7030,40,0,0,0,0,0,1,0,0,0,0,0,0,0,0,0,0,0,0,0,0,0,0,0,0,0,0,0,132,107.6913,23,20.5,1.5,1.5,2,4,0,0,4,0,0,0,0,0,0,0,0,0,1,1455
0,6240,55,0,0,0,0,0,0,0,0,0,0,0,0,0,0,0,0,0,0,0,0,0,0,1,0,0,0,0,380,90.526,0,8,12.5,1,3,0,0,0,7,0,0,0,0,0,0,0,0,0,1,1089
0,6060,52,0,0,0,0,0,1,0,0,0,0,0,0,0,0,0,0,0,0,0,0,0,0,0,0,0,0,0,143,292.7725,31,20.75,2.75,1.5,1.5,11,0,0,7,0,0,0,0,0,0,0,0,0,1,2120
0,5810,18,0,0,0,0,0,0,0,0,0,0,0,1,0,0,0,0,0,0,0,0,0,0,0,0,0,0,0,0,0,0,0,7.75,1.5,49.5,0,0,0,6,0,0,0,0,0,0,0,0,0,1,7061
0,7190,35,0,0,0,0,0,0,0,0,0,0,0,0,0,0,0,0,0,0,0,0,0,0,0,0,1,0,0,0,0,0,1,5.5,1,12.75,4,4,1,6,0,0,0,0,0,0,0,0,0,1,4515
0,7230,35,0,0,0,0,0,0,0,0,0,0,0,0,0,0,1,0,0,0,0,0,0,0,0,0,0,0,0,82,209.637,47,35,2.5,1,1,19,1,0,6,0,0,0,0,0,0,0,0,0,1,2185
0,6090,15,0,0,0,0,0,1,0,0,0,0,0,0,0,0,0,0,0,0,0,0,0,0,0,0,0,0,0,68,78.9448,25,13.75,14.25,1,9,12,6,5,7,0,0,0,0,0,0,0,0,0,1,1078
0,5980,27,0,0,0,0,0,1,0,0,0,0,0,0,0,0,0,0,0,0,0,0,0,0,0,0,0,0,0,217,130.2362,28,34.25,5,4.75,7.25,6,0,1,7,1,0,0,0,0,0,0,0,1,0,3125
0,5810,80,0,0,0,0,0,1,0,0,0,0,0,0,0,0,0,0,0,0,0,0,0,0,0,0,0,0,0,144,199.7391,31,20.6666666666667,2.33333333333333,0,1.33333333333333,0,0,0,8,0,0,0,0,0,0,0,0,0,1,3550
0,6170,11,0,0,0,0,0,1,0,0,0,0,0,0,0,0,0,0,0,0,0,0,0,0,0,0,0,0,0,267,112.0104,28,28.5,2.5,1,13.75,5,3,1,6,1,0,1,0,0,0,0,0,0,0,6062
0,5740,24,0,0,0,0,0,0,0,0,0,0,0,0,0,0,0,0,0,0,0,0,0,0,0,0,1,0,0,51,52.0229,17,10.3333333333,6.66666666667,1.33333333333,5,2,1,0,7,0,0,0,0,0,0,0,0,0,1,1030
0,5760,40,0,0,0,0,0,0,0,0,0,0,0,0,0,0,0,0,0,0,0,0,0,0,0,0,1,0,0,0,6.4078,0,0.25,8,1,38.25,1,0,0,7,0,0,0,0,0,0,0,0,0,1,82
0,5970,37,0,0,0,0,0,0,0,0,0,0,0,0,0,0,0,0,0,0,0,0,0,0,0,0,1,0,0,0,0,0,0,0.25,0.25,0.25,0,0,0,9,1,0,0,0,0,1,0,0,0,0,793
0,6440,60,0,0,0,0,0,1,0,0,0,0,0,0,0,0,0,0,0,0,0,0,0,0,0,0,0,0,0,77,126.4486,57,29,2.25,0.5,3.25,18,6,0,5,0,0,0,0,0,0,0,0,0,1,3879
0,4430,55,0,0,0,0,0,0,0,0,0,0,0,0,0,0,0,0,0,0,0,0,0,0,0,1,0,0,0,36,82.45,13,9.75,10,1,5.5,2,1,0,7,0,0,0,0,0,0,0,0,0,1,-35
0,5890,70,0,0,0,0,0,0,0,0,0,0,0,0,0,0,0,0,0,0,0,0,0,0,0,0,1,0,0,270,146.1201,16,17.75,11.5,1,1.25,0,0,0,8,0,0,0,0,0,0,0,0,0,1,1592
0,5410,10,0,0,0,0,0,0,0,0,0,0,0,0,0,0,0,0,0,0,0,0,0,0,1,0,0,0,0,271,116.3852,0,10.25,12.75,1,1.5,12,3,0,7,0,0,0,0,0,0,0,0,0,1,498
0,6080,47,0,0,0,0,0,0,0,0,0,0,0,0,0,0,0,0,0,0,0,0,0,0,0,0,1,0,0,132,247.3625,30,0.25,5.75,1,2,0,0,0,3,0,0,0,0,0,0,0,0,0,1,1250
0,7110,27,0,0,0,0,0,1,0,0,0,0,0,0,0,0,0,0,0,0,0,0,0,0,0,0,0,0,0,286,280.0051,26,36.25,2.5,1,1,12,0,0,6,0,0,0,0,0,0,0,0,0,1,2320
0,7040,6,0,0,0,0,0,0,1,0,0,0,0,0,0,0,0,0,0,0,0,0,0,0,0,0,0,0,0,49,107.7671,33,28.5,18.5,1,2,8,2,0,5,0,0,0,0,0,0,0,0,0,1,1048
0,7200,28,0,0,0,0,0,1,0,0,0,0,0,0,0,0,0,0,0,0,0,0,0,0,0,0,0,0,0,142,313.0135,49,37.25,1.75,1,1.25,15,0,0,4,0,0,0,0,0,0,0,0,0,1,1099
0,6960,25,0,0,0,0,0,1,0,0,0,0,0,0,0,0,0,0,0,0,0,0,0,0,0,0,0,0,0,131,242.4087,39,27.5,0.75,1,1,38,1,0,7,0,0,0,0,0,0,0,0,0,1,3751
0,7120,18,0,0,0,0,0,1,0,0,0,0,0,0,0,0,0,0,0,0,0,0,0,0,0,0,0,0,0,127,277.4131,47,43.25,4.5,1.75,2.25,55,6,1,6,0,0,0,0,0,0,0,0,0,1,2300
0,7360,13,0,0,0,0,0,1,0,0,0,0,0,0,0,0,0,0,0,0,0,0,0,0,0,0,0,0,0,172,237.0228,65,20,1.66666666666667,0,1,3,1,0,6,0,0,0,0,0,0,0,0,0,1,7665
0,6880,30,0,0,0,0,0,0,0,1,0,0,0,0,0,0,0,0,0,0,0,0,0,0,0,0,0,0,0,90,6.4938,0,1,3.25,1,18.25,4,0,0,7,1,0,0,0,0,1,0,0,0,0,1681
0,7790,52,0,0,0,0,0,1,0,0,0,0,0,0,0,0,0,0,0,0,0,0,0,0,0,0,0,0,0,174,109.1038,23,20,1.75,1,1,0,0,0,6,0,0,0,0,0,0,0,0,0,1,2433
0,8160,48,0,0,0,0,0,1,0,0,0,0,0,0,0,0,0,0,0,0,0,0,0,0,0,0,0,0,0,153,112.0262,24,10.5,6,0,6.25,8,5,0,7,1,0,0,0,0,0,0,0,1,0,5430
0,7740,19,0,0,0,0,0,1,0,0,0,0,0,0,0,0,0,0,0,0,0,0,0,0,0,0,0,0,0,160,198.0404,44,18.75,1.75,1.25,4,82,6,0,7,0,0,0,0,0,0,0,0,0,1,1226
0,8280,19,0,0,0,0,0,0,0,0,0,0,0,1,0,0,0,0,0,0,0,0,0,0,0,0,0,0,0,199,107.7374,15,20.5,17,1.25,2.5,65,4,0,4,0,0,0,0,0,0,0,0,0,1,6407
0,7970,36,0,0,0,0,0,1,0,0,0,0,0,0,0,0,0,0,0,0,0,0,0,0,0,0,0,0,0,190,183.8266,30,30.25,1.75,4.25,4,10,1,0,6,0,0,0,0,0,0,0,0,0,1,6228
0,6700,12,0,0,0,0,0,0,1,0,0,0,0,0,0,0,0,0,0,0,0,0,0,0,0,0,0,0,0,80,178.4659,24,27,7.75,1,1.5,15,1,0,7,0,0,0,0,0,0,0,0,0,1,128
0,7750,58,0,0,0,0,0,1,0,0,0,0,0,0,0,0,0,0,0,0,0,0,0,0,0,0,0,0,0,164,285.4502,33,3,4.5,1.25,1,35,1,0,8,0,0,0,0,0,0,0,0,0,1,2107
0,6900,43,0,0,0,0,0,1,0,0,0,0,0,0,0,0,0,0,0,0,0,0,0,0,0,0,0,0,0,345,215.6364,43,17.25,6.5,0.75,2.5,0,0,0,9,0,0,0,0,0,0,0,0,0,1,1330
0,7920,23,0,0,0,0,0,0,0,0,0,0,0,0,0,0,0,0,0,0,0,1,0,0,0,0,0,0,0,138,210.2065,37,32.5,7,1.5,1,9,2,0,8,0,0,0,0,0,0,0,0,0,1,3259
0,6650,17,0,0,0,0,0,0,0,0,0,0,0,0,0,0,0,0,0,0,0,0,0,0,1,0,0,0,0,225,77.9404,15,16.6666666667,12.6666666667,1,4.66666666667,0,0,0,8,0,0,0,0,0,0,0,0,0,1,1347
0,7060,45,0,0,0,0,0,1,0,0,0,0,0,0,0,0,0,0,0,0,0,0,0,0,0,0,0,0,0,296,270.1052,26,21.75,1.25,1,1,5,0,0,7,0,0,0,0,0,0,0,0,0,1,2582
0,6700,5,0,0,0,0,0,1,0,0,0,0,0,0,0,0,0,0,0,0,0,0,0,0,0,0,0,0,0,124,115.0281,30,17.75,2,1,1,65,2,0,3,0,0,0,0,0,0,0,0,0,1,1125
0,6460,43,0,0,0,0,0,0,0,0,0,1,0,0,0,0,0,0,0,0,0,0,0,0,0,0,0,0,0,57,102.606,25,17,10.25,1,3.25,3,0,0,5,0,0,0,0,0,0,0,0,0,1,54
0,6750,8,0,0,0,0,0,1,0,0,0,0,0,0,0,0,0,0,0,0,0,0,0,0,0,0,0,0,0,199,107.1568,26,25.5,27.25,1,1.25,3,1,0,7,0,0,0,0,0,0,0,0,0,1,1367
0,7820,35,0,0,0,0,0,1,0,0,0,0,0,0,0,0,0,0,0,0,0,0,0,0,0,0,0,0,0,164,256.8272,46,43.25,4.25,1,1,32,2,1,5,0,0,0,0,0,0,0,0,0,1,832
0,7150,32,0,0,0,0,0,1,0,0,0,0,0,0,0,0,0,0,0,0,0,0,0,0,0,0,0,0,0,141,317.4743,42,42,5.5,1,1,23,5,0,5,0,0,0,0,0,0,0,0,0,1,862
0,7270,43,0,0,0,0,0,1,0,0,0,0,0,0,0,0,0,0,0,0,0,0,0,0,0,0,0,0,0,250,270.9915,40,16.5,0,1,1,20,2,0,7,0,0,0,0,0,0,0,0,0,1,2177
0,7120,37,0,0,0,0,0,0,0,0,0,0,0,0,0,0,0,1,0,0,0,0,0,0,0,0,0,0,0,146,185.1878,28,34.5,1,1,1.25,1,0,0,6,0,0,0,0,0,0,0,0,0,1,670
0,7600,45,0,0,0,0,0,1,0,0,0,0,0,0,0,0,0,0,0,0,0,0,0,0,0,0,0,0,0,72,207.6461,57,59.75,10,1,1,33,6,4,5,0,0,0,0,0,0,0,0,0,1,2348
0,7600,33,0,0,0,0,0,1,0,0,0,0,0,0,0,0,0,0,0,0,0,0,0,0,0,0,0,0,0,152,194.4848,23,30.25,7.25,2.25,2.25,14,1,1,1,0,0,0,0,0,0,0,0,0,1,7938
0,7680,25,0,0,0,0,0,1,0,0,0,0,0,0,0,0,0,0,0,0,0,0,0,0,0,0,0,0,0,70,164.4874,44,42.75,3.75,1.25,1.5,0,0,0,8,0,0,0,0,0,0,0,0,0,1,6802
0,6770,9,0,0,0,0,0,1,0,0,0,0,0,0,0,0,0,0,0,0,0,0,0,0,0,0,0,0,0,242,173.0958,19,19,14,1,2.25,3,0,0,4,0,0,0,0,0,0,0,0,0,1,362
0,8560,29,0,0,0,0,0,1,0,0,0,0,0,0,0,0,0,0,0,0,0,0,0,0,0,0,0,0,0,193,317.0328,49,53.75,1,1,1,4,0,0,7,0,0,0,0,0,0,0,0,0,1,3717
0,7420,43,0,0,0,0,0,0,0,1,0,0,0,0,0,0,0,0,0,0,0,0,0,0,0,0,0,0,0,283,257.1352,22,37,3,1,2.25,21,5,3,6,1,0,1,0,0,0,0,0,0,0,1287
0,6920,19,0,0,0,0,0,1,0,0,0,0,0,0,0,0,0,0,0,0,0,0,0,0,0,0,0,0,0,150,132.1555,11,11,4,1,1.25,0,0,0,7,0,0,0,0,0,0,0,0,0,1,572
0,6750,50,0,0,0,0,0,1,0,0,0,0,0,0,0,0,0,0,0,0,0,0,0,0,0,0,0,0,0,100,58.7598,12,18.25,8.5,1,1.5,10,5,1,5,0,0,0,0,0,0,0,0,0,1,320
0,6650,81,0,0,0,0,0,1,0,0,0,0,0,0,0,0,0,0,0,0,0,0,0,0,0,0,0,0,0,54,160.2548,17,6.75,1.75,1,1.25,6,0,0,6,0,0,0,0,0,0,0,0,0,1,1628
0,7680,52,0,0,0,0,0,1,0,0,0,0,0,0,0,0,0,0,0,0,0,0,0,0,0,0,0,0,0,157,209.3667,46,4.75,7.5,1,2.5,13,1,0,7,0,0,0,0,0,0,0,0,0,1,4308
0,8700,68,0,0,0,0,0,1,0,0,0,0,0,0,0,0,0,0,0,0,0,0,0,0,0,0,0,0,0,135,200.4895,36,19,1.66666666666667,1.66666666666667,1,3,0,1,6,0,0,0,0,0,0,0,0,0,1,2297
0,7160,35,0,0,0,0,0,1,0,0,0,0,0,0,0,0,0,0,0,0,0,0,0,0,0,0,0,0,0,119,238.5165,54,8.75,1,1,2.75,31,1,0,5,0,0,0,0,0,0,0,0,0,1,4421
0,7370,53,0,0,0,0,0,1,0,0,0,0,0,0,0,0,0,0,0,0,0,0,0,0,0,0,0,0,0,130,144.1355,18,20.5,5,0.5,1.25,3,0,1,7,1,0,1,0,0,0,0,0,0,0,537
0,7590,47,0,0,0,0,0,1,0,0,0,0,0,0,0,0,0,0,0,0,0,0,0,0,0,0,0,0,0,130,192.9054,57,19.75,3.5,1,1.5,0,0,0,7,0,0,0,0,0,0,0,0,0,1,7585
0,6920,21,0,0,0,0,0,1,0,0,0,0,0,0,0,0,0,0,0,0,0,0,0,0,0,0,0,0,0,116,171.2401,44,30,1,1,1,0,0,1,5,0,0,0,0,0,0,0,0,0,1,9633
0,7700,44,0,0,0,0,0,0,0,0,0,0,0,0,0,0,0,0,0,0,1,0,0,0,0,0,0,0,0,174,204.4576,34,5.25,13,1,5.5,5,0,0,6,0,0,0,0,0,0,0,0,0,1,5625
0,8260,53,0,0,0,0,0,1,0,0,0,0,0,0,0,0,0,0,0,0,0,0,0,0,0,0,0,0,0,129,197.9342,26,1.25,12.5,1,0,13,1,0,7,0,0,0,0,0,0,0,0,0,1,550
0,6970,20,0,0,0,0,0,1,0,0,0,0,0,0,0,0,0,0,0,0,0,0,0,0,0,0,0,0,0,207,440.3126,43,47.5,2.25,1,1,64,1,0,6,0,0,0,0,0,0,0,0,0,1,5002
0,6520,66,0,0,0,0,0,1,0,0,0,0,0,0,0,0,0,0,0,0,0,0,0,0,0,0,0,0,0,211,67.6268,20,18,3,1,1.25,2,1,0,5,0,0,0,0,0,0,0,0,0,1,148
0,7420,27,0,0,0,0,0,1,0,0,0,0,0,0,0,0,0,0,0,0,0,0,0,0,0,0,0,0,0,100,193.1415,33,23.25,5.5,1.5,1.5,3,0,0,7,0,0,0,0,0,0,0,0,0,1,5461
0,7270,13,0,0,0,0,0,1,0,0,0,0,0,0,0,0,0,0,0,0,0,0,0,0,0,0,0,0,0,155,350.5717,40,37.5,2.5,1.25,3.25,7,3,0,9,0,0,0,0,0,0,0,0,0,1,7304
0,6140,60,0,0,0,0,0,1,0,0,0,0,0,0,0,0,0,0,0,0,0,0,0,0,0,0,0,0,0,111,216.8905,35,30.5,3,1,1.5,11,2,3,5,0,0,0,0,0,0,0,0,0,1,0
0,7520,12,0,0,0,0,0,1,0,0,0,0,0,0,0,0,0,0,0,0,0,0,0,0,0,0,0,0,0,101,230.3679,48,46.25,3,1,1,50,3,0,5,0,0,0,0,0,0,0,0,0,1,135
0,7670,58,0,0,1,0,0,0,0,0,0,0,0,0,0,0,0,0,0,0,0,0,0,0,0,0,0,0,0,220,53.3465,6,5.5,24,2.25,1,2,0,0,8,0,0,0,0,0,0,0,0,0,1,3400
0,7640,38,0,0,0,0,0,1,0,0,0,0,0,0,0,0,0,0,0,0,0,0,0,0,0,0,0,0,0,245,231.8731,48,30.5,4.75,1,1,3,0,0,7,0,0,0,0,0,0,0,0,0,1,5015
0,6570,8,0,0,0,0,0,1,0,0,0,0,0,0,0,0,0,0,0,0,0,0,0,0,0,0,0,0,0,200,267.0858,21,1.75,4,2,1.25,4,0,0,7,0,0,0,0,0,0,0,0,0,1,555
0,6950,25,0,0,0,0,0,0,0,1,0,0,0,0,0,0,0,0,0,0,0,0,0,0,0,0,0,0,0,58,70.9627,11,16.75,14.25,2,5.75,8,10,2,7,0,0,0,0,0,0,0,0,0,1,2322
0,7330,30,0,0,0,0,0,1,0,0,0,0,0,0,0,0,0,0,0,0,0,0,0,0,0,0,0,0,0,259,338.3496,67,49.25,0.25,1,2,2,1,1,7,0,0,0,0,0,0,0,0,0,1,2348
0,6610,25,0,0,0,0,0,0,0,0,0,0,0,0,0,0,0,1,0,0,0,0,0,0,0,0,0,0,0,94,119.9458,27,5.5,9,1.25,5.25,66,2,0,7,0,0,0,0,0,0,0,0,0,1,6336
0,6850,5,0,0,0,0,0,1,0,0,0,0,0,0,0,0,0,0,0,0,0,0,0,0,0,0,0,0,0,14,46.1993,12,3.33333333333,4.33333333333,1,1,0,0,0,2,0,0,0,0,0,0,0,0,0,1,1050
0,6440,37,0,0,0,0,0,0,0,0,0,0,0,0,0,0,0,0,0,1,0,0,0,0,0,0,0,0,0,236,71.6113,14,17,3,1,1,0,0,0,7,0,0,0,0,0,0,0,0,0,1,1232
0,7470,45,0,0,0,0,0,0,0,1,0,0,0,0,0,0,0,0,0,0,0,0,0,0,0,0,0,0,0,92,213.3534,42,24,3.5,1.5,1.75,7,1,0,7,0,0,0,0,0,0,0,0,0,1,894
0,6670,55,0,0,0,0,0,0,0,1,0,0,0,0,0,0,0,0,0,0,0,0,0,0,0,0,0,0,0,257,124.5568,23,11.75,7.5,0.5,3,0,0,0,7,0,0,0,0,0,0,0,0,0,1,221
0,7310,4,0,0,0,0,0,0,0,0,0,0,0,0,0,0,0,1,0,0,0,0,0,0,0,0,0,0,0,231,284.9478,32,2.75,7,1,1,2,0,0,2,0,0,0,0,0,0,0,0,0,1,838
0,7370,30,0,0,0,0,0,1,0,0,0,0,0,0,0,0,0,0,0,0,0,0,0,0,0,0,0,0,0,179,161.7575,20,15.5,3.25,1,2,5,1,0,7,0,0,0,0,0,0,0,0,0,1,5560
0,7590,51,0,0,0,0,1,0,0,0,0,0,0,0,0,0,0,0,0,0,0,0,0,0,0,0,0,0,0,296,441.8519,45,17.75,1,1,1,17,2,1,6,0,0,0,0,0,0,0,0,0,1,1371
0,7120,30,0,0,0,0,0,1,0,0,0,0,0,0,0,0,0,0,0,0,0,0,0,0,0,0,0,0,0,220,170.6853,12,11,8.5,1,1.5,3,0,1,8,0,0,0,0,0,0,0,0,0,1,1556
0,6530,35,0,0,0,0,0,0,0,0,0,1,0,0,0,0,0,0,0,0,0,0,0,0,0,0,0,0,0,275,92.228,9,8,5.5,0.5,1,12,5,1,6,0,0,0,0,0,0,0,0,0,1,320
0,6590,38,0,0,0,0,0,1,0,0,0,0,0,0,0,0,0,0,0,0,0,0,0,0,0,0,0,0,0,159,200.3496,21,30,6.75,1,2.5,0,0,0,5,0,0,0,0,0,0,0,0,0,1,175
0,7720,58,0,0,0,0,0,1,0,0,0,0,0,0,0,0,0,0,0,0,0,0,0,0,0,0,0,0,0,144,387.1204,38,17.5,2,0.5,0.25,12,2,0,7,0,0,0,0,0,0,0,0,0,1,3410
0,6400,32,0,0,0,0,1,0,0,0,0,0,0,0,0,0,0,0,0,0,0,0,0,0,0,0,0,0,0,82,123.9586,14,13,6.5,1,1,1,0,0,4,0,0,0,0,0,0,0,0,0,1,1688
0,6030,62,0,0,0,0,0,1,0,0,0,0,0,0,0,0,0,0,0,0,0,0,0,0,0,0,0,0,0,0,0,0,0,1.5,1,7.25,2,0,1,4,1,0,0,0,0,0,1,0,0,0,310
0,7230,15,0,0,0,0,0,1,0,0,0,0,0,0,0,0,0,0,0,0,0,0,0,0,0,0,0,0,0,101,156.3814,33,26.5,1.75,1,1,6,1,0,7,0,0,0,0,0,0,0,0,0,1,1771
0,8290,61,0,0,0,0,0,1,0,0,0,0,0,0,0,0,0,0,0,0,0,0,0,0,0,0,0,0,0,118,67.2486,21,9,0.5,2,3,3,1,0,7,0,0,0,0,0,0,0,0,0,1,128
0,8110,47,0,0,0,0,0,0,1,0,0,0,0,0,0,0,0,0,0,0,0,0,0,0,0,0,0,0,0,216,148.3071,28,4,6.25,1,1.25,2,2,0,6,0,0,0,0,0,0,0,0,0,1,4952
0,8260,45,0,0,0,0,0,0,0,0,0,0,0,1,0,0,0,0,0,0,0,0,0,0,0,0,0,0,0,200,375.5715,46,41.75,1.25,1.5,1,1,0,1,7,0,0,0,0,0,0,0,0,0,1,1744
0,6600,65,0,0,0,0,0,0,0,0,0,0,0,0,0,0,0,0,0,0,0,0,0,0,0,0,0,0,1,0,0,0,0,10,1.25,2.5,0,0,0,8,0,0,0,0,0,0,0,0,0,1,-47
0,8460,60,0,0,0,0,0,0,0,0,0,0,0,0,0,0,0,0,0,0,0,1,0,0,0,0,0,0,0,142,322.8249,41,52.5,8.5,1,1,5,0,1,7,0,0,0,0,0,0,0,0,0,1,2233
0,6990,55,0,0,0,0,0,1,0,0,0,0,0,0,0,0,0,0,0,0,0,0,0,0,0,0,0,0,0,89,172.7677,42,40.5,2.25,1,1.5,6,0,0,7,0,0,0,0,0,0,0,0,0,1,1773
0,7470,29,0,0,0,0,0,1,0,0,0,0,0,0,0,0,0,0,0,0,0,0,0,0,0,0,0,0,0,123,224.8354,44,47.5,2,1,6.75,16,0,1,7,0,0,0,0,0,0,0,0,0,1,1615
0,7130,28,0,0,0,0,0,0,0,0,0,0,0,0,0,0,0,0,0,0,0,0,0,1,0,0,0,0,0,247,285.44,35,36.25,1.25,1,1.75,23,0,0,7,0,0,0,0,0,0,0,0,0,1,3446
0,7370,52,0,0,0,0,0,1,0,0,0,0,0,0,0,0,0,0,0,0,0,0,0,0,0,0,0,0,0,345,173.4121,26,7.5,1.5,0,0.5,0,0,0,5,0,0,0,0,0,0,0,0,0,1,996
0,7050,12,0,0,0,0,0,1,0,0,0,0,0,0,0,0,0,0,0,0,0,0,0,0,0,0,0,0,0,166,197.6547,50,9.75,3.5,1,1,18,1,0,7,0,0,0,0,0,0,0,0,0,1,2593
0,7270,0,0,0,0,0,0,1,0,0,0,0,0,0,0,0,0,0,0,0,0,0,0,0,0,0,0,0,0,188,43.5974,6,10,33.25,1,1,1,0,0,5,0,0,0,0,0,0,0,0,0,1,874
0,7650,31,0,0,0,0,0,0,0,0,0,0,0,0,0,0,1,0,0,0,0,0,0,0,0,0,0,0,0,72,52.8657,20,18.75,28.25,1,1,16,2,1,6,0,0,0,0,0,0,0,0,0,1,5638
0,7250,30,0,0,0,0,0,1,0,0,0,0,0,0,0,0,0,0,0,0,0,0,0,0,0,0,0,0,0,217,317.6525,40,40.25,0,1.25,1,3,0,1,5,0,0,0,0,0,0,0,0,0,1,5400
0,8290,45,0,0,0,0,0,1,0,0,0,0,0,0,0,0,0,0,0,0,0,0,0,0,0,0,0,0,0,137,146.736,20,7.75,24.25,1.5,9,4,4,0,7,0,0,0,0,0,0,0,0,0,1,301
0,6810,40,0,0,0,0,0,0,0,0,0,0,0,1,0,0,0,0,0,0,0,0,0,0,0,0,0,0,0,170,136.7181,37,18.75,3,1,13,12,4,4,4,0,0,0,0,0,0,0,0,0,1,902
0,6460,12,0,0,0,0,0,1,0,0,0,0,0,0,0,0,0,0,0,0,0,0,0,0,0,0,0,0,0,205,299.5082,41,12.75,1.75,1,1,2,1,0,7,0,0,0,0,0,0,0,0,0,1,1846
0,7090,17,0,0,0,0,0,0,0,0,0,0,0,0,0,0,0,0,0,0,1,0,0,0,0,0,0,0,0,127,232.7295,22,4,14,1,1.25,11,0,1,7,0,0,0,0,0,0,0,0,0,1,4603
0,7090,17,0,0,0,0,0,1,0,0,0,0,0,0,0,0,0,0,0,0,0,0,0,0,0,0,0,0,0,140,169.5683,14,29.25,3,4,17,10,2,1,6,0,0,0,0,0,0,0,0,0,1,3583
0,7590,14,0,0,0,0,0,1,0,0,0,0,0,0,0,0,0,0,0,0,0,0,0,0,0,0,0,0,0,177,259.4382,40,44.25,3.25,1.25,8.25,63,6,0,6,0,0,0,0,0,0,0,0,0,1,740
0,6700,7,0,0,0,0,0,0,0,0,0,1,0,0,0,0,0,0,0,0,0,0,0,0,0,0,0,0,0,135,151.2877,28,35.75,11,1.5,1.25,3,0,0,6,0,0,0,0,0,0,0,0,0,1,9900
0,6210,40,0,0,0,0,0,0,0,0,0,1,0,0,0,0,0,0,0,0,0,0,0,0,0,0,0,0,0,187,214.063,12,17,3.33333333333,1,2,3,1,0,6,0,0,0,0,0,0,0,0,0,1,-144
0,6710,12,0,0,0,0,0,1,0,0,0,0,0,0,0,0,0,0,0,0,0,0,0,0,0,0,0,0,0,222,344.0641,41,40,0.25,1,1,2,3,2,6,0,0,0,0,0,0,0,0,0,1,2019
0,7470,51,0,0,0,0,0,0,1,0,0,0,0,0,0,0,0,0,0,0,0,0,0,0,0,0,0,0,0,172,123.3589,26,25.5,4.5,0.75,1,33,6,1,4,0,0,0,0,0,0,0,0,0,1,720
0,7500,32,0,0,0,0,0,0,0,0,0,0,0,0,0,0,0,0,0,0,0,0,0,0,0,0,0,0,1,233,178.1178,36,31.25,1.25,1,1,9,2,2,8,0,0,0,0,0,0,0,0,0,1,1100
0,7050,16,0,0,0,0,0,0,1,0,0,0,0,0,0,0,0,0,0,0,0,0,0,0,0,0,0,0,0,112,47.0256,15,2.5,5,1.25,1,2,0,0,7,0,0,0,0,0,0,0,0,0,1,1479
0,8270,55,0,0,0,0,0,1,0,0,0,0,0,0,0,0,0,0,0,0,0,0,0,0,0,0,0,0,0,0,0,0,0,7.6,3,1.8,0,2,0,7,0,0,0,0,0,0,0,0,0,1,2107
0,6760,20,0,0,0,0,0,1,0,0,0,0,0,0,0,0,0,0,0,0,0,0,0,0,0,0,0,0,0,160,367.4671,49,40.75,0.75,1,2,2,1,0,6,0,0,0,0,0,0,0,0,0,1,2086
0,8050,24,0,0,0,0,0,1,0,0,0,0,0,0,0,0,0,0,0,0,0,0,0,0,0,0,0,0,0,77,361.9002,72,14.5,1.25,1.75,0.75,13,0,0,7,0,0,0,0,0,0,0,0,0,1,5829
0,6370,53,0,0,0,0,0,1,0,0,0,0,0,0,0,0,0,0,0,0,0,0,0,0,0,0,0,0,0,133,82.3234,27,19.75,6.75,1,10.75,15,1,0,7,0,0,0,0,0,0,0,0,0,1,145
0,6880,32,0,0,0,0,0,0,0,0,0,0,0,0,0,0,1,0,0,0,0,0,0,0,0,0,0,0,0,262,230.9659,33,39,1.5,0.5,1,4,0,1,7,0,0,0,0,0,0,0,0,0,1,839
0,6580,30,0,0,0,0,0,1,0,0,0,0,0,0,0,0,0,0,0,0,0,0,0,0,0,0,0,0,0,363,169.1407,28,25.75,0,1,1.5,9,0,0,7,0,0,0,0,0,0,0,0,0,1,-37
0,7390,35,0,0,0,0,0,1,0,0,0,0,0,0,0,0,0,0,0,0,0,0,0,0,0,0,0,0,0,197,226.6839,25,22.5,1.25,1,1.75,4,3,2,3,0,0,0,0,0,0,0,0,0,1,8346
0,8530,28,0,0,0,0,0,0,0,1,0,0,0,0,0,0,0,0,0,0,0,0,0,0,0,0,0,0,0,337,276.9633,25,19.25,9.25,2.75,1.75,3,2,1,7,0,0,0,0,0,0,0,0,0,1,7540
0,7560,25,0,0,0,0,0,1,0,0,0,0,0,0,0,0,0,0,0,0,0,0,0,0,0,0,0,0,0,211,310.3105,52,43.25,1.25,1,1,2,0,0,6,0,0,0,0,0,0,0,0,0,1,8704
0,7000,23,0,0,0,0,0,1,0,0,0,0,0,0,0,0,0,0,0,0,0,0,0,0,0,0,0,0,0,168,252.4981,38,33.75,3.25,3.25,1,20,1,0,7,0,0,0,0,0,0,0,0,0,1,5986
0,7300,10,0,0,0,0,0,0,0,0,0,0,0,1,0,0,0,0,0,0,0,0,0,0,0,0,0,0,0,162,88.4259,12,18.75,31.25,1.25,4.5,1,0,0,6,0,0,0,0,0,0,0,0,0,1,2041
0,8100,60,0,0,0,0,0,1,0,0,0,0,0,0,0,0,0,0,0,0,0,0,0,0,0,0,0,0,0,151,198.9886,25,20.25,4.5,1,1,0,0,0,5,0,0,0,0,0,0,0,0,0,1,3702
0,6370,15,0,0,0,0,0,1,0,0,0,0,0,0,0,0,0,0,0,0,0,0,0,0,0,0,0,0,0,126,126.025,19,16.25,1.5,2,1,1,1,0,6,0,0,0,0,0,0,0,0,0,1,1330
0,7000,27,0,0,0,0,0,1,0,0,0,0,0,0,0,0,0,0,0,0,0,0,0,0,0,0,0,0,0,102,221.4839,29,30.25,1.75,1,2,3,1,0,6,0,0,0,0,0,0,0,0,0,1,2913
0,6990,16,0,0,0,0,0,1,0,0,0,0,0,0,0,0,0,0,0,0,0,0,0,0,0,0,0,0,0,91,115.9915,32,24.5,20,1,1.25,23,1,0,6,0,0,0,0,0,0,0,0,0,1,10800
0,7920,50,0,0,0,0,0,0,0,0,0,0,0,0,0,0,0,0,0,0,0,1,0,0,0,0,0,0,0,295,498.059,44,21.5,1,2,2,29,16,3,5,0,0,0,0,0,0,0,0,0,1,1686
0,7260,40,0,0,0,0,0,0,0,0,0,0,0,0,0,0,0,0,0,0,0,0,0,0,0,0,0,0,1,64,317.2527,74,41.25,37.25,18.75,1.5,70,3,2,7,0,0,0,0,0,0,0,0,0,1,1032
0,7620,27,0,0,0,0,0,0,0,0,0,0,0,0,0,0,0,1,0,0,0,0,0,0,0,0,0,0,0,111,365.3835,26,4,7,1,2,24,1,0,7,0,0,0,0,0,0,0,0,0,1,2075
0,7840,25,0,0,0,0,0,0,0,0,0,0,0,0,0,0,0,0,0,0,0,1,0,0,0,0,0,0,0,124,201.4408,42,14.25,5.75,1,3.5,24,8,10,8,0,0,0,0,0,0,0,0,0,1,1005
0,8310,29,0,0,0,0,0,1,0,0,0,0,0,0,0,0,0,0,0,0,0,0,0,0,0,0,0,0,0,130,174.7977,41,3,1,1.25,1,11,0,0,4,0,0,0,0,0,0,0,0,0,1,5480
0,6690,6,0,0,0,0,0,0,0,1,0,0,0,0,0,0,0,0,0,0,0,0,0,0,0,0,0,0,0,191,107.926,12,1.5,11,1,1,3,0,0,6,0,0,0,0,0,0,0,0,0,1,788
0,7160,36,0,0,0,0,0,1,0,0,0,0,0,0,0,0,0,0,0,0,0,0,0,0,0,0,0,0,0,252,316.2042,57,27.5,0.25,0.5,2.5,8,2,0,7,0,0,0,0,0,0,0,0,0,1,982
0,6730,24,0,0,0,0,0,0,0,0,0,0,0,1,0,0,0,0,0,0,0,0,0,0,0,0,0,0,0,144,204.7229,41,2.75,4,1,1,2,0,0,6,0,0,0,0,0,0,0,0,0,1,1298
0,7420,45,0,0,0,0,0,1,0,0,0,0,0,0,0,0,0,0,0,0,0,0,0,0,0,0,0,0,0,127,175.9713,40,32.5,3,1,1,1,0,0,7,0,0,0,0,0,0,0,0,0,1,3012
0,7730,25,0,0,0,0,0,1,0,0,0,0,0,0,0,0,0,0,0,0,0,0,0,0,0,0,0,0,0,165,177.2775,42,43.25,2.25,0,0,52,0,0,8,0,0,0,0,0,0,0,0,0,1,53
0,7530,12,0,0,0,0,0,1,0,0,0,0,0,0,0,0,0,0,0,0,0,0,0,0,0,0,0,0,0,360,321.4631,36,38,0.75,1,1,8,0,0,7,0,0,0,0,0,0,0,0,0,1,4495
0,7460,19,0,0,0,0,0,1,0,0,0,0,0,0,0,0,0,0,0,0,0,0,0,0,0,0,0,0,0,366,220.7779,24,20.75,1.5,1.25,2,2,0,0,6,0,0,0,0,0,0,0,0,0,1,2310
0,7040,50,0,0,0,0,0,0,0,0,0,0,0,0,0,0,0,0,0,0,0,0,1,0,0,0,0,0,0,248,140.3125,33,25,1.75,0.25,1.75,53,10,2,7,0,0,0,0,0,0,0,0,0,1,70
0,8200,50,0,0,0,0,0,1,0,0,0,0,0,0,0,0,0,0,0,0,0,0,0,0,0,0,0,0,0,195,266.0022,39,32.75,2.25,0.5,0.25,20,4,0,7,0,0,0,0,0,0,0,0,0,1,9320
0,6910,24,0,0,0,0,0,1,0,0,0,0,0,0,0,0,0,0,0,0,0,0,0,0,0,0,0,0,0,136,70.676,14,19.25,4.75,5.5,5.25,6,4,2,7,0,0,0,0,0,0,0,0,0,1,1819
0,7850,52,0,0,0,0,0,1,0,0,0,0,0,0,0,0,0,0,0,0,0,0,0,0,0,0,0,0,0,176,83.8988,33,13.5,3.5,0,0,0,0,0,6,0,0,0,0,0,0,0,0,0,1,2016
0,6940,30,0,0,0,0,0,1,0,0,0,0,0,0,0,0,0,0,0,0,0,0,0,0,0,0,0,0,0,60,149.6962,36,30.5,11,1,1,4,0,0,7,0,0,0,0,0,0,0,0,0,1,1770
0,7200,24,0,0,0,0,0,1,0,0,0,0,0,0,0,0,0,0,0,0,0,0,0,0,0,0,0,0,0,134,271.2774,37,37.75,0.5,2,1,3,0,1,6,0,0,0,0,0,0,0,0,0,1,713
0,7010,27,0,0,0,0,0,1,0,0,0,0,0,0,0,0,0,0,0,0,0,0,0,0,0,0,0,0,0,142,182.8775,43,38.25,12.5,1.25,1,44,3,0,8,0,0,0,0,0,0,0,0,0,1,1978
0,7130,7,0,0,0,0,0,0,0,0,0,0,0,1,0,0,0,0,0,0,0,0,0,0,0,0,0,0,0,137,158.3261,36,21.5,2,0,1,12,0,0,7,0,0,0,0,0,0,0,0,0,1,2571
0,7860,44,0,0,0,0,0,1,0,0,0,0,0,0,0,0,0,0,0,0,0,0,0,0,0,0,0,0,0,144,97.6714,35,32.5,14.75,1.75,20,14,0,1,7,0,0,0,0,0,0,0,0,0,1,4445
0,6870,35,0,0,0,0,0,0,0,0,0,0,0,0,0,0,0,0,0,0,1,0,0,0,0,0,0,0,0,178,212.6118,43,37.75,5.25,1,1,4,1,0,6,0,0,0,0,0,0,0,0,0,1,350
0,7530,45,0,0,0,0,0,1,0,0,0,0,0,0,0,0,0,0,0,0,0,0,0,0,0,0,0,0,0,76,72.3781,26,26.25,13,1,1,0,0,0,5,0,0,0,0,0,0,0,0,0,1,1020
0,7340,57,0,0,0,0,0,0,0,0,0,0,0,0,0,0,0,1,0,0,0,0,0,0,0,0,0,0,0,108,112.2385,28,21.25,3,1,4,45,2,0,5,0,0,0,0,0,0,0,0,0,1,1802
0,6450,25,0,0,0,0,0,0,0,0,0,0,0,0,0,0,0,0,0,0,0,0,0,0,0,0,1,0,0,284,268.4422,11,20,4,1,1,0,0,0,9,0,0,0,0,0,0,0,0,0,1,450
0,7480,31,0,0,1,0,0,0,0,0,0,0,0,0,0,0,0,0,0,0,0,0,0,0,0,0,0,0,0,137,132.8878,45,18.5,1,0.75,1.25,30,12,5,7,0,0,0,0,0,0,0,0,0,1,3656
0,7400,20,0,0,0,0,1,0,0,0,0,0,0,0,0,0,0,0,0,0,0,0,0,0,0,0,0,0,0,148,142.4535,65,30.25,3.5,1.5,3.75,12,4,0,4,0,0,0,0,0,0,0,0,0,1,2806
0,8550,59,0,0,0,0,0,0,0,0,0,0,0,0,0,0,0,0,0,0,0,1,0,0,0,0,0,0,0,132,27.382,11,0.75,14.5,0.25,4,2,0,0,5,0,0,0,0,0,0,0,0,0,1,1669
0,7620,17,0,0,0,0,0,1,0,0,0,0,0,0,0,0,0,0,0,0,0,0,0,0,0,0,0,0,0,143,225.6431,51,35.25,3.5,1,1,42,1,1,7,0,0,0,0,0,0,0,0,0,1,7055
0,7690,30,0,0,0,0,0,1,0,0,0,0,0,0,0,0,0,0,0,0,0,0,0,0,0,0,0,0,0,95,232.9054,39,38,0.25,0.5,2.5,8,1,3,7,1,0,0,0,0,0,0,0,1,0,1553
0,7060,55,0,0,0,0,0,1,0,0,0,0,0,0,0,0,0,0,0,0,0,0,0,0,0,0,0,0,0,280,130.3969,30,16,2,0.75,1.75,30,20,3,6,0,0,0,0,0,0,0,0,0,1,2441
0,7210,13,0,0,0,0,0,0,0,1,0,0,0,0,0,0,0,0,0,0,0,0,0,0,0,0,0,0,0,172,66.6427,10,8,18.6666666666667,1,1,0,0,0,6,0,0,0,0,0,0,0,0,0,1,6408
0,6810,0,0,0,0,0,0,0,0,1,0,0,0,0,0,0,0,0,0,0,0,0,0,0,0,0,0,0,0,129,279.6505,20,3.75,11.25,1,1,2,0,0,6,0,0,0,0,0,0,0,0,0,1,194
0,6370,5,0,0,0,0,0,1,0,0,0,0,0,0,0,0,0,0,0,0,0,0,0,0,0,0,0,0,0,172,115.8443,25,30.5,15,3.5,5,2,2,0,3,0,0,0,0,0,0,0,0,0,1,3009
0,7020,85,0,0,0,0,0,1,0,0,0,0,0,0,0,0,0,0,0,0,0,0,0,0,0,0,0,0,0,227,92.2852,14,10,7.25,1.5,1,2,1,0,5,0,0,0,0,0,0,0,0,0,1,670
0,7400,8,0,0,0,0,0,1,0,0,0,0,0,0,0,0,0,0,0,0,0,0,0,0,0,0,0,0,0,68,237.3262,55,48.75,0.25,1,1,9,1,1,4,1,0,0,0,0,0,0,0,1,0,6854
0,7010,30,0,0,0,0,0,1,0,0,0,0,0,0,0,0,0,0,0,0,0,0,0,0,0,0,0,0,0,170,234.4233,60,27.5,1,0.25,1.25,7,4,0,5,0,0,0,0,0,0,0,0,0,1,2133
0,7070,58,0,0,0,0,0,1,0,0,0,0,0,0,0,0,0,0,0,0,0,0,0,0,0,0,0,0,0,312,137.2188,18,18.25,21,1,1.75,4,2,1,7,0,0,0,0,0,0,0,0,0,1,1388
0,7800,57,0,0,0,0,0,1,0,0,0,0,0,0,0,0,0,0,0,0,0,0,0,0,0,0,0,0,0,150,542.0424,39,21.75,1,1.25,1.25,3,2,0,5,0,0,0,0,0,0,0,0,0,1,2044
0,7030,38,0,0,0,0,0,1,0,0,0,0,0,0,0,0,0,0,0,0,0,0,0,0,0,0,0,0,0,88,261.2115,33,1.75,4,1,1,28,1,0,6,0,0,0,0,0,0,0,0,0,1,472
0,7610,25,0,0,0,0,0,0,0,0,0,1,0,0,0,0,0,0,0,0,0,0,0,0,0,0,0,0,0,0,0,0,0,1.25,5.75,19,3,1,0,9,0,0,0,0,0,0,0,0,0,1,1613
0,7150,30,0,0,0,0,0,0,0,1,0,0,0,0,0,0,0,0,0,0,0,0,0,0,0,0,0,0,0,240,113.1465,10,16.5,6.75,0,2.25,2,1,0,8,0,0,0,0,0,0,0,0,0,1,3388
0,7360,10,0,0,0,0,0,0,0,1,0,0,0,0,0,0,0,0,0,0,0,0,0,0,0,0,0,0,0,94,155.1461,35,32.5,3.25,1,1.5,15,2,0,7,0,0,0,0,0,0,0,0,0,1,1815
0,6560,16,0,0,0,0,0,1,0,0,0,0,0,0,0,0,0,0,0,0,0,0,0,0,0,0,0,0,0,156,163.5518,25,12.75,3.25,1,2.75,6,2,0,5,0,0,0,0,0,0,0,0,0,1,515
0,6530,8,0,0,0,0,0,0,0,0,0,0,0,1,0,0,0,0,0,0,0,0,0,0,0,0,0,0,0,0,0,0,0,6,1.75,25.25,0,0,0,4,0,0,0,0,0,0,0,0,0,1,1160
0,7400,25,0,0,0,0,0,0,0,0,0,0,0,1,0,0,0,0,0,0,0,0,0,0,0,0,0,0,0,125,160.7344,26,6.5,1.75,1,1,0,0,0,5,0,0,0,0,0,0,0,0,0,1,3527
0,6920,40,0,0,0,0,0,1,0,0,0,0,0,0,0,0,0,0,0,0,0,0,0,0,0,0,0,0,0,375,166.8197,26,16,1.5,1.5,1.25,5,3,0,5,0,0,0,0,0,0,0,0,0,1,7465
0,7940,48,0,0,0,0,0,0,0,0,0,0,0,0,0,0,0,0,0,1,0,0,0,0,0,0,0,0,0,127,109.9289,35,1.25,23,1.5,6.75,1,0,0,7,0,0,0,0,0,0,0,0,0,1,4775
0,6530,2,0,0,0,0,0,1,0,0,0,0,0,0,0,0,0,0,0,0,0,0,0,0,0,0,0,0,0,193,164.9296,21,1.75,4,1,2,1,1,0,6,0,0,0,0,0,0,0,0,0,1,-218
0,8670,47,0,0,1,0,0,0,0,0,0,0,0,0,0,0,0,0,0,0,0,0,0,0,0,0,0,0,0,166,132.4479,39,30,7.5,1.5,3.75,7,4,0,7,0,0,0,0,0,0,0,0,0,1,6226
0,7910,40,0,0,0,0,0,0,0,0,0,0,1,0,0,0,0,0,0,0,0,0,0,0,0,0,0,0,0,171,153.7627,32,15.75,5.5,1,1.25,4,0,1,7,0,0,0,0,0,0,0,0,0,1,4678
0,7300,24,0,0,0,0,0,0,0,0,0,0,0,0,0,0,0,1,0,0,0,0,0,0,0,0,0,0,0,194,66.4236,19,3.25,13.25,1,3.5,3,0,0,7,0,0,0,0,0,0,0,0,0,1,1015
0,7960,37,0,0,0,0,0,1,0,0,0,0,0,0,0,0,0,0,0,0,0,0,0,0,0,0,0,0,0,237,369.7088,40,21.25,2,1,1,7,2,0,6,0,0,0,0,0,0,0,0,0,1,5026
0,6200,38,0,0,0,0,0,0,0,0,0,0,0,0,0,0,0,0,0,0,0,0,0,0,0,0,1,0,0,166,117.901,6,21.75,1,2.25,10.25,4,2,1,7,0,0,0,0,0,0,0,0,0,1,830
0,5240,8,0,0,0,0,0,0,0,0,0,0,0,0,0,0,0,0,0,0,0,0,0,0,0,0,0,0,1,260,65.8534,11,10.75,26.75,4.5,2,14,0,0,7,0,0,0,0,0,0,0,0,0,1,1983
0,6310,37,0,0,0,0,0,0,0,0,0,0,0,0,0,0,0,0,0,0,0,0,0,0,0,0,1,0,0,213,166.0251,12,2.5,5,1.75,2,2,0,0,7,0,0,0,0,0,0,0,0,0,1,2412
0,6200,45,0,0,0,0,0,0,0,0,0,0,0,0,0,0,0,0,0,0,0,0,0,0,0,0,1,0,0,120,83.3135,19,15.5,4.75,1.75,8.75,3,1,0,7,0,0,0,0,0,0,0,0,0,1,2471
0,6630,75,0,0,0,0,0,0,0,0,0,0,0,0,0,0,0,0,0,0,0,0,0,0,0,0,0,0,1,253,272.1224,32,30.5,7.5,1,1,14,2,0,7,0,0,0,0,0,0,0,0,0,1,3703
0,6380,29,0,0,0,0,0,0,0,0,0,0,0,0,0,0,0,0,0,0,0,0,0,0,0,0,0,0,1,71,121.8653,12,4.5,4,1,2,4,0,0,4,1,0,0,0,0,0,0,1,0,0,542
0,6410,25,0,0,0,0,0,0,0,0,0,0,0,0,0,0,0,0,0,0,0,0,0,0,0,0,1,0,0,226,118.2515,24,2,7,2,11.25,2,0,0,8,0,0,0,0,0,0,0,0,0,1,1533
0,5880,11,0,0,0,0,0,0,0,0,0,0,0,0,0,0,0,0,0,0,0,0,0,0,0,0,0,0,1,114,188.9288,41,5.5,3.5,1,1,180,25,20,7,1,0,1,0,0,0,0,0,0,0,555
0,5600,40,0,0,0,0,0,0,0,0,0,0,0,0,0,0,0,0,0,0,0,0,0,0,0,0,1,0,0,124,88.9747,13,17,5,1.25,8.5,0,0,0,7,0,0,0,0,0,0,0,0,0,1,1622
0,6380,24,0,0,0,0,0,0,0,0,0,0,0,0,0,0,0,0,0,0,0,0,0,0,0,0,1,0,0,91,98.6234,7,4.5,6,1,17.5,0,0,0,7,0,0,0,0,0,0,0,0,0,1,973
0,5630,15,0,0,0,0,0,0,0,0,0,0,0,0,0,0,0,0,0,0,0,0,0,0,0,0,1,0,0,81,189.5123,21,5,2.75,1.25,1.75,6,0,0,3,0,0,0,0,0,0,0,0,0,1,757
0,5360,10,0,0,0,0,0,0,0,0,0,0,0,0,0,0,0,0,0,0,0,0,0,0,0,0,1,0,0,89,97.947,23,5.25,9,2.75,8.25,9,0,0,6,0,0,0,0,0,0,0,0,0,1,1223
0,5700,82,0,0,0,0,0,0,0,0,0,0,0,0,0,0,0,0,0,0,0,0,0,0,0,0,1,0,0,88,229.1973,21,3.5,0.5,2,2,0,0,0,6,0,0,0,0,0,0,0,0,0,1,849
0,5870,35,0,0,0,0,0,0,0,0,0,0,0,0,0,0,0,0,0,0,0,0,0,0,0,0,0,0,1,93,188.4106,41,28.75,1,1.25,3.25,1,0,0,7,0,0,0,0,0,0,0,0,0,1,180
0,6310,42,0,0,0,0,0,0,0,0,0,0,0,0,0,0,0,0,0,0,0,0,0,0,0,0,0,0,1,77,50.3526,9,11,4.5,1.25,13,2,0,0,8,0,0,0,0,0,0,0,0,0,1,2387
0,6140,5,0,0,0,0,0,0,0,0,0,0,0,0,0,0,0,0,0,0,0,0,0,0,0,0,1,0,0,63,57.6424,19,1.75,2.5,0.25,17.5,0,2,0,7,0,0,0,0,0,0,0,0,0,1,146
0,5730,19,0,0,0,0,0,0,0,0,0,0,0,0,0,0,0,0,0,0,0,0,0,0,0,0,1,0,0,0,0,0,0,3.75,11.5,16.75,1,1,0,7,0,0,0,0,0,0,0,0,0,1,98
0,6790,40,0,0,0,0,0,0,0,0,0,0,0,0,0,0,0,0,0,0,0,0,0,0,0,0,0,0,1,260,89.3335,11,7,14.25,1.5,5.25,1,2,0,7,1,0,1,0,0,0,0,0,0,0,1085
0,5940,25,0,0,0,0,0,0,0,0,0,0,0,0,0,0,0,0,0,0,0,0,0,0,0,0,0,0,1,167,321.1261,52,4,4,0.666666666666667,0.666666666666667,0,0,0,6,0,0,0,0,0,0,0,0,0,1,3878
0,6010,55,0,0,0,0,0,0,0,0,0,0,0,0,0,0,0,0,0,0,0,0,0,0,0,0,1,0,0,72,116.6703,33,18.25,4.75,1,8,2,0,0,7,0,0,0,0,0,0,0,0,0,1,922
0,6170,55,0,0,0,0,0,0,0,0,0,0,0,0,0,0,0,0,0,0,0,0,0,0,0,0,0,0,1,52,140.5034,21,6,9,1,3.5,5,2,4,7,0,0,0,0,0,0,0,0,0,1,1360
0,5570,16,0,0,0,0,0,0,0,0,0,0,0,0,0,0,0,0,0,0,0,0,0,0,0,0,1,0,0,16,2.1933,1,2.25,2,1,14.25,6,4,1,4,0,0,0,0,0,0,0,0,0,1,584
0,7660,48,0,0,0,0,0,0,0,0,0,0,0,0,0,0,0,0,0,0,0,0,0,0,0,0,0,1,0,125,114.4226,27,1,9,1.25,5.75,1,0,0,8,0,0,0,0,0,0,0,0,0,1,1767
0,5170,17,0,0,0,0,0,0,0,0,0,0,0,0,0,0,0,0,0,0,0,0,0,0,0,0,1,0,0,96,60.3972,7,10,15.5,1.25,4,0,0,0,7,0,0,0,0,0,0,0,0,0,1,120
0,7600,43,0,0,0,0,0,0,0,0,0,0,0,0,0,0,0,0,0,0,0,0,0,0,0,0,0,0,1,177,239.5034,47,5.75,1.75,1,1,23,3,0,5,1,0,0,0,0,0,0,0,1,0,2805
0,5940,46,0,0,0,0,0,0,0,0,0,0,0,0,0,0,0,0,0,0,0,0,0,0,0,0,1,0,0,154,98.2435,15,10.5,10,2,9.5,4,0,0,6,0,0,0,0,0,0,0,0,0,1,0
0,6590,30,0,0,0,0,0,0,0,0,0,0,0,0,0,0,0,0,0,0,0,0,0,0,0,0,0,1,0,118,191.3927,23,20,13.25,2.5,2.25,13,4,1,7,0,0,0,0,0,0,0,0,0,1,1936
0,7660,45,0,0,0,0,0,0,0,0,0,0,0,0,0,0,0,0,0,0,0,0,0,0,0,0,0,0,1,132,41.1124,13,9.25,7,0.75,6.75,1,0,0,6,0,0,0,0,0,0,0,0,0,1,1830
0,5430,9,0,0,0,0,0,0,0,0,0,0,0,0,0,0,0,0,0,0,0,0,0,0,0,0,1,0,0,178,77.1289,26,16.5,5.5,1.5,15.75,10,0,0,6,0,0,0,0,0,0,0,0,0,1,-59
0,6710,27,0,0,0,0,0,0,0,0,0,0,0,0,0,0,0,0,0,0,0,0,0,0,0,0,1,0,0,62,79.4891,45,25,9.75,17.5,9,3,0,1,6,0,0,0,0,0,0,0,0,0,1,9400
0,7240,30,0,0,0,0,0,0,0,0,0,0,0,0,0,0,0,0,0,0,0,0,0,0,0,0,0,0,1,156,189.576,45,31.6666666667,13,0.666666666667,0,13,0,1,8,0,0,0,0,0,0,0,0,0,1,2970
0,5960,15,0,0,0,0,0,0,0,0,0,0,0,0,0,0,0,0,0,0,0,0,0,0,0,0,0,0,1,150,80.7349,3,2,13,1,1.25,2,3,0,7,0,0,0,0,0,0,0,0,0,1,1827
0,7070,25,0,0,0,0,0,0,0,0,0,0,0,0,0,0,0,0,0,0,0,0,0,0,0,0,0,0,1,128,58.9588,12,1.5,1,2.5,1,0,0,0,7,0,0,0,0,0,0,0,0,0,1,1728
0,6540,55,0,0,0,0,0,0,0,0,0,0,0,0,0,0,0,0,0,0,0,0,0,0,0,0,0,1,0,198,254.3154,54,5,4,1.5,0.75,8,1,0,4,0,0,0,0,0,0,0,0,0,1,736
0,7900,45,0,0,0,0,0,0,0,0,0,0,0,0,0,0,0,0,0,0,0,0,0,0,0,0,0,1,0,354,304.654,43,2.25,6,2.25,1.25,0,0,0,9,0,0,0,0,0,0,0,0,0,1,5250
0,6070,54,0,0,0,0,0,0,0,0,0,0,0,0,0,0,0,0,0,0,0,0,0,0,0,0,0,0,1,150,86.9553,11,1.25,2.25,0.75,3.5,10,0,0,8,0,0,0,0,0,0,0,0,0,1,614
0,6610,53,0,0,0,0,0,0,0,0,0,0,0,0,0,0,0,0,0,0,0,0,0,0,0,0,0,1,0,178,318.38,34,27.5,2.5,1,1,4,0,0,5,0,0,0,0,0,0,0,0,0,1,749
0,7360,50,0,0,0,0,0,0,0,0,0,0,0,0,0,0,0,0,0,0,0,0,0,0,0,0,0,0,1,143,305.9606,44,3,10,0,1,0,0,0,7,0,0,0,0,0,0,0,0,0,1,5253
0,6720,10,0,0,0,0,0,0,0,0,0,0,0,0,0,0,0,0,0,0,0,0,0,0,0,0,0,0,1,173,264.1301,30,1.25,5,1,1,8,2,0,7,0,0,0,0,0,0,0,0,0,1,3325
0,7250,46,0,0,0,0,0,0,0,0,0,0,0,0,0,0,0,0,0,0,0,0,0,0,0,0,0,1,0,232,230.2813,44,27,19.25,1.5,1.25,18,0,0,7,0,0,0,0,0,0,0,0,0,1,2718
0,6400,14,0,0,0,0,0,0,0,0,0,0,0,0,0,0,0,0,0,0,0,0,0,0,0,0,1,0,0,280,88.1891,8,7,5.5,1,2.25,0,0,0,3,0,0,0,0,0,0,0,0,0,1,399
0,6980,42,0,0,0,0,0,0,0,0,0,0,0,0,0,0,0,0,0,0,0,0,0,0,0,0,0,1,0,197,229.6956,59,4.25,0.25,1.25,1.25,0,0,0,7,0,0,0,0,0,0,0,0,0,1,568
0,5950,12,0,0,0,0,0,0,0,0,0,0,0,0,0,0,0,0,0,0,0,0,0,0,0,0,1,0,0,128,224.3338,40,2.5,5,2.5,21.25,6,1,0,7,0,0,0,0,0,0,0,0,0,1,0
0,5830,27,0,0,0,0,0,0,0,0,0,0,0,0,0,0,0,0,0,0,0,0,0,0,0,0,1,0,0,82,155.254,61,13.75,1.75,2,3.25,3,0,0,7,0,0,0,0,0,0,0,0,0,1,2646
0,6270,15,0,0,0,0,0,0,0,0,0,0,0,0,0,0,0,0,0,0,0,0,0,0,0,0,1,0,0,0,0,0,0.25,0.5,1,21.75,1,0,0,6,0,0,0,0,0,0,0,0,0,1,891
0,6600,44,0,0,0,0,0,0,0,0,0,0,0,0,0,0,0,0,0,0,0,0,0,0,0,0,0,0,1,148,46.6503,8,8,23,1,1,0,0,0,7,0,0,0,0,0,0,0,0,0,1,1922
0,6000,41,0,0,0,0,0,0,0,0,0,0,0,0,0,0,0,0,0,0,0,0,0,0,0,0,1,0,0,0,0,0,0,0,13,42.5,0,0,0,5,1,0,0,0,0,0,0,0,0,0,0
0,5990,13,0,0,0,0,0,0,0,0,0,0,0,0,0,0,0,0,0,0,0,0,0,0,0,0,1,0,0,78,86.8958,29,8.5,1.25,3.75,14.75,3,2,0,7,0,0,0,0,0,0,0,0,0,1,468
0,6740,80,0,0,0,0,0,0,0,0,0,0,0,0,0,0,0,0,0,0,0,0,0,0,0,0,0,1,0,136,171.5275,33,1.5,11,1,1.5,4,0,2,9,0,0,0,0,0,0,0,0,0,1,839
0,7790,28,1,0,0,0,0,0,0,0,0,0,0,0,0,0,0,0,0,0,0,0,0,0,0,0,0,0,0,215,243.8381,47,4.33333333333,1.33333333333,0.333333333333,0,12,2,0,8,0,0,0,0,0,0,0,0,0,1,3090
0,6630,20,0,0,0,0,0,0,0,0,0,0,0,0,0,0,0,0,0,0,0,0,0,0,0,0,0,0,1,161,288.5381,31,8.25,7.25,0.75,0.5,4,0,1,7,0,0,0,0,0,0,0,0,0,1,2129
0,7410,76,0,0,0,0,0,0,0,0,0,0,0,0,0,0,0,0,0,0,0,0,0,0,0,0,0,0,1,218,295.2102,37,39,8.66666666667,0,3.33333333333,13,3,2,7,0,0,0,0,0,0,0,0,0,1,1354
0,6280,18,0,0,0,0,0,0,0,0,0,0,0,0,0,0,0,0,0,0,0,0,0,0,0,0,0,0,1,202,224.618,30,29,10,1.25,1,1,0,0,7,0,0,0,0,0,0,0,0,0,1,1284
0,6760,42,0,0,0,0,0,0,0,0,0,0,0,0,0,0,0,0,0,0,0,0,0,0,0,0,0,1,0,209,111.1398,21,0.75,2.5,1,9,1,0,0,7,0,0,0,0,0,0,0,0,0,1,1069
0,7000,62,0,0,0,0,0,0,0,0,0,0,0,0,0,0,0,0,0,0,0,0,0,0,0,0,0,1,0,195,215.0015,35,25.25,13.25,1,2,3,0,3,7,1,0,1,0,0,0,0,0,0,0,2558
0,6490,12,0,0,0,0,0,0,0,0,0,0,0,0,0,0,0,0,0,0,0,0,0,0,0,0,0,1,0,157,69.5294,23,24.5,11,1,2.5,6,0,1,6,0,0,0,0,0,0,0,0,0,1,411
0,7450,16,0,0,0,0,0,0,0,0,0,0,0,0,0,0,0,0,0,0,0,0,0,0,0,0,0,1,0,119,171.2384,44,30,2.25,1.25,3.5,3,0,0,7,0,0,0,0,0,0,0,0,0,1,4374
0,7770,19,0,0,0,0,0,0,0,0,0,0,0,0,0,0,0,0,0,0,0,0,0,0,0,0,0,1,0,236,169.3948,39,26.75,6,1,1,3,2,0,7,0,0,0,0,0,0,0,0,0,1,499
0,8020,10,0,0,0,0,0,0,0,0,0,0,0,0,0,0,0,0,0,0,0,0,0,0,0,0,0,1,0,103,241.3812,71,46.25,7.5,0.75,2.5,15,3,3,8,0,0,0,0,0,0,0,0,0,1,1960
0,7370,9,0,0,0,0,0,0,0,0,0,0,0,0,0,0,0,0,0,0,0,0,0,0,0,0,0,1,0,237,240.7633,42,19,3,1,3,4,0,0,6,0,0,0,0,0,0,0,0,0,1,1315
0,7080,17,0,0,0,0,0,0,0,0,0,0,0,0,0,0,0,0,0,0,0,0,0,0,0,0,0,1,0,215,225.3099,39,4,3.5,0.5,1.5,4,0,0,7,0,0,0,0,0,0,0,0,0,1,1158
0,7000,16,0,0,0,0,0,0,0,0,0,0,0,0,0,0,0,0,0,0,0,0,0,0,0,0,0,1,0,216,313.2315,63,51.25,2.25,1,1,6,0,0,7,0,0,0,0,0,0,0,0,0,1,865
0,8410,20,0,0,0,0,0,0,0,0,0,0,0,0,0,0,0,0,0,0,0,0,0,0,0,0,0,1,0,140,46.8925,22,3,15.25,1,5.75,1,0,0,1,0,0,0,0,0,0,0,0,0,1,3166
0,7030,25,0,0,0,0,0,0,0,0,0,0,0,0,0,0,0,0,0,0,0,0,0,0,0,0,0,1,0,116,255.2834,65,6,0.75,1.25,1.75,16,3,2,7,0,0,0,0,0,0,0,0,0,1,1547
0,8160,45,0,0,0,0,0,0,0,0,0,0,0,0,0,0,0,0,0,0,0,0,0,0,0,0,0,1,0,261,193.9547,39,6.75,1.5,0.75,1,4,0,0,7,0,0,0,0,0,0,0,0,0,1,2845
0,7330,47,0,1,0,0,0,0,0,0,0,0,0,0,0,0,0,0,0,0,0,0,0,0,0,0,0,0,0,100,224.7649,32,4.75,1.5,1,1,5,2,1,7,0,0,0,0,0,0,0,0,0,1,1174
0,6390,66,0,0,0,0,0,0,0,0,0,0,0,0,0,0,0,0,0,0,0,0,0,0,0,0,0,1,0,213,87.516,10,15,6,0.5,4,0,0,0,3,0,0,0,0,0,0,0,0,0,1,5074
0,7250,37,0,0,0,0,0,0,0,0,0,0,0,0,0,0,0,0,0,0,0,0,0,0,0,0,0,1,0,257,128.3093,19,18,3,1.75,0.25,2,0,0,7,0,0,0,0,0,0,0,0,0,1,6390
0,6630,23,0,0,0,0,0,0,0,0,0,0,0,0,0,0,0,0,0,0,0,0,0,0,0,0,0,1,0,204,298.2491,58,26.75,4,0.75,1.75,18,2,1,6,0,0,0,0,0,0,0,0,0,1,2625
0,7400,55,0,0,0,0,0,0,0,0,0,0,0,0,0,0,0,0,0,0,0,0,0,0,0,0,0,1,0,109,159.0261,36,5.75,5.75,1,3.25,6,2,0,6,0,0,0,0,0,0,0,0,0,1,1155
1,6182,6,0,0,0,0,0,0,0,0,0,0,0,0,0,0,0,0,0,0,0,0,0,0,0,0,0,0,1,210,29.4393,9,4,4.25,2,3.75,86,14,19,6,0,0,0,0,0,0,0,0,0,1,60
1,5383,3,0,0,0,1,0,0,0,0,0,0,0,0,0,0,0,0,0,0,0,0,0,0,0,0,0,0,0,56,217.8777,30,25.3333333333333,5.66666666666667,24,7,28,6,4,1,1,0,0,1,0,0,0,0,0,0,0
1,5381,3,0,0,0,1,0,0,0,0,0,0,0,0,0,0,0,0,0,0,0,0,0,0,0,0,0,0,0,82,333.3913,44,46.3333333333333,3.66666666666667,26,12.6666666666667,12,6,1,1,1,0,0,1,0,0,0,0,0,0,10
1,6068,7,0,0,0,1,0,0,0,0,0,0,0,0,0,0,0,0,0,0,0,0,0,0,0,0,0,0,0,0,0,0,0.25,16,9.75,23.25,10,1,0,2,1,0,0,1,0,0,0,0,0,0,-331
1,6144,10,0,0,0,1,0,0,0,0,0,0,0,0,0,0,0,0,0,0,0,0,0,0,0,0,0,0,0,0,0,0,0,17.25,1.5,29.75,1,1,3,1,1,0,0,0,0,1,0,0,0,0,-572
1,6297,17,0,0,0,0,0,0,0,0,0,0,0,0,0,0,0,0,0,0,0,0,0,0,0,0,0,0,1,150,37.5192,1,7.75,3.5,2,11.25,12,4,10,6,0,0,0,0,0,0,0,0,0,1,-151
1,6125,6,0,0,0,0,0,0,0,0,0,0,0,0,0,0,0,0,0,0,0,0,0,0,0,0,0,0,1,87,9.124,0,0.25,4.5,6,21.75,9,2,3,1,1,0,0,1,0,0,0,0,0,0,-187
1,6025,8,0,0,0,1,0,0,0,0,0,0,0,0,0,0,0,0,0,0,0,0,0,0,0,0,0,0,0,0,0,0,0,9,4.75,37.75,10,8,1,3,1,0,0,1,0,0,0,0,0,0,-498
1,6136,10,0,0,0,0,0,0,0,0,0,0,0,0,0,0,0,0,0,0,0,0,0,0,0,0,0,0,1,0,0,0,0.25,2,1.5,28,2,4,0,6,0,0,0,0,0,0,0,0,0,1,-268
1,6572,43,0,0,0,0,0,0,0,0,0,0,0,0,0,0,0,0,0,0,0,0,0,0,0,0,0,0,1,320,241.1125,44,14.75,0.75,0.75,2.5,52,46,11,7,0,0,0,0,0,0,0,0,0,1,7
1,6088,15,0,0,0,1,0,0,0,0,0,0,0,0,0,0,0,0,0,0,0,0,0,0,0,0,0,0,0,0,0,0,0,6.75,8.75,31.25,10,9,1,1,1,0,0,1,0,0,0,0,0,0,-230
1,6194,7,0,0,0,0,0,0,0,0,0,0,0,0,0,0,0,0,0,0,0,0,0,0,0,0,0,0,1,0,0,0,0.25,6.5,18.75,45.25,2,4,1,5,1,0,0,1,0,0,0,0,0,0,-382
1,6179,17,0,0,0,1,0,0,0,0,0,0,0,0,0,0,0,0,0,0,0,0,0,0,0,0,0,0,0,0,0,0,0,3.2,4.2,18.2,0,0,0,1,1,0,0,1,0,0,0,0,0,0,-676
1,6147,9,0,0,0,1,0,0,0,0,0,0,0,0,0,0,0,0,0,0,0,0,0,0,0,0,0,0,0,0,0,0,0,10.5,2.75,27.5,5,1,0,7,1,0,0,0,0,1,0,0,0,0,-632
1,6168,17,0,0,0,0,0,0,0,0,0,0,0,0,0,0,0,0,0,0,0,0,0,0,0,0,0,0,1,0,0,0,0,9,10.5,59.75,4,4,0,5,1,0,0,1,0,0,0,0,0,0,-425
1,6160,19,0,0,0,0,0,0,0,0,0,0,0,0,0,0,0,0,0,0,0,0,0,0,0,0,0,0,1,67,11.9024,2,0,7.25,1.25,32.25,12,19,8,4,0,0,0,0,0,0,0,0,0,1,-538
1,6235,8,0,0,0,0,0,0,0,0,0,0,0,0,0,0,0,0,0,0,0,0,0,0,0,0,0,0,1,42,3.8793,4,1.75,11.5,4.25,24,7,4,1,4,1,0,0,1,0,0,0,0,0,0,-589
1,6147,4,0,0,0,1,0,0,0,0,0,0,0,0,0,0,0,0,0,0,0,0,0,0,0,0,0,0,0,0,0,0,0,6.75,1.5,33.25,2,1,0,4,1,0,0,0,0,1,0,0,0,0,-429
1,6112,10,0,0,0,0,0,0,0,0,0,0,0,0,0,0,0,0,0,0,0,0,0,0,0,0,0,0,1,0,0,0,0,5.75,13.5,56.75,7,0,3,5,1,0,0,1,0,0,0,0,0,0,-632
1,6148,9,0,0,0,0,0,0,0,0,0,0,0,0,0,0,0,0,0,0,0,0,0,0,0,0,0,0,1,79,15.5072,2,6.5,5.25,1.75,13.25,9,2,0,4,0,0,0,0,0,0,0,0,0,1,-11
1,6248,28,0,0,0,1,0,0,0,0,0,0,0,0,0,0,0,0,0,0,0,0,0,0,0,0,0,0,0,114,8.8215,4,0.75,3,1.5,8.75,6,4,1,6,0,0,0,0,0,0,0,0,0,1,-420
1,6095,16,0,0,0,0,0,0,0,0,0,0,0,0,0,0,0,0,0,0,0,0,0,0,0,0,0,0,1,0,0,0,0,8.5,2.75,35.75,3,3,1,3,0,0,0,0,0,0,0,0,0,1,-348
1,6214,22,0,0,0,1,0,0,0,0,0,0,0,0,0,0,0,0,0,0,0,0,0,0,0,0,0,0,0,0,0,0,0,3.5,8.75,28.25,1,3,7,5,0,0,0,0,0,0,0,0,0,1,-339
1,5791,8,0,0,0,1,0,0,0,0,0,0,0,0,0,0,0,0,0,0,0,0,0,0,0,0,0,0,0,0,0,0,0,10.5,3.25,23.5,0,3,2,3,0,0,0,0,0,0,0,0,0,1,-199
1,6025,18,0,0,0,1,0,0,0,0,0,0,0,0,0,0,0,0,0,0,0,0,0,0,0,0,0,0,0,0,0,0,0,11,7.5,49.5,10,0,0,4,1,0,0,1,0,0,0,0,0,0,-580
1,6374,25,0,0,0,0,0,1,0,0,0,0,0,0,0,0,0,0,0,0,0,0,0,0,0,0,0,0,0,128,66.2883,20,18.75,2.25,2.5,3.25,7,4,3,5,0,0,0,0,0,0,0,0,0,1,98
1,6340,23,0,0,0,0,0,0,0,0,0,0,0,0,0,0,1,0,0,0,0,0,0,0,0,0,0,0,0,158,117.8194,32,20,4.25,1,3.5,23,3,2,5,0,0,0,0,0,0,0,0,0,1,72
1,6644,12,0,0,0,0,0,1,0,0,0,0,0,0,0,0,0,0,0,0,0,0,0,0,0,0,0,0,0,78,143.2788,40,26.25,2,0.75,1.5,46,11,3,3,0,0,0,0,0,0,0,0,0,1,381
1,6670,35,0,0,0,0,0,0,0,0,0,0,0,0,0,0,0,0,0,1,0,0,0,0,0,0,0,0,0,99,121.3219,24,19.25,4.5,1,3.5,91,20,2,3,0,0,0,0,0,0,0,0,0,1,516
1,6740,53,0,0,0,0,0,0,0,0,0,0,0,0,0,0,1,0,0,0,0,0,0,0,0,0,0,0,0,87,29.5123,19,8,23,1,3,23,13,1,3,0,0,0,0,0,0,0,0,0,1,604
1,6704,50,0,0,0,0,0,1,0,0,0,0,0,0,0,0,0,0,0,0,0,0,0,0,0,0,0,0,0,195,92.1556,11,12.75,23,1,4.5,65,21,10,2,0,0,0,0,0,0,0,0,0,1,585
1,6666,17,0,0,0,0,0,1,0,0,0,0,0,0,0,0,0,0,0,0,0,0,0,0,0,0,0,0,0,80,90.9187,22,15.25,5.5,1,1.5,35,6,6,2,0,0,0,0,0,0,0,0,0,1,299
1,6652,15,0,0,0,0,0,1,0,0,0,0,0,0,0,0,0,0,0,0,0,0,0,0,0,0,0,0,0,90,92.5318,26,20.5,2.75,0,1.25,9,4,0,4,0,0,0,0,0,0,0,0,0,1,316
1,6676,19,0,0,0,0,0,1,0,0,0,0,0,0,0,0,0,0,0,0,0,0,0,0,0,0,0,0,0,132,118.1806,28,23.75,4.5,1,1.5,32,7,8,4,0,0,0,0,0,0,0,0,0,1,225
1,6839,15,0,0,0,0,0,0,0,0,0,0,0,1,0,0,0,0,0,0,0,0,0,0,0,0,0,0,0,9,0,0,1,17,1,10,35,3,1,2,0,0,0,0,0,0,0,0,0,1,-98
1,6268,6,0,0,0,0,0,0,0,0,0,0,0,0,0,0,0,0,0,0,0,0,0,1,0,0,0,0,0,65,84.1875,17,24,2,0,10,8,1,0,5,0,0,0,0,0,0,0,0,0,1,459
1,6340,6,0,0,0,0,0,0,0,0,0,0,0,0,0,1,0,0,0,0,0,0,0,0,0,0,0,0,0,69,34.0505,11,4.25,9.75,0.25,20,23,3,8,2,0,0,0,0,0,0,0,0,0,1,-9
1,6318,8,0,0,0,0,0,0,0,0,0,0,0,0,0,1,0,0,0,0,0,0,0,0,0,0,0,0,0,58,56.9056,19,7.75,3.75,0.5,16.25,4,0,1,3,0,0,0,0,0,0,0,0,0,1,23
1,6951,14,0,0,0,0,0,0,0,1,0,0,0,0,0,0,0,0,0,0,0,0,0,0,0,0,0,0,0,117,207.8521,22,11,1.75,0.75,1.75,21,8,0,5,1,0,0,0,1,0,0,0,0,0,317
1,6946,9,0,0,0,0,0,0,0,1,0,0,0,0,0,0,0,0,0,0,0,0,0,0,0,0,0,0,0,101,115.8304,22,10.75,5.5,0,1.25,35,5,0,4,0,0,0,0,0,0,0,0,0,1,127
1,6932,5,0,0,0,0,0,0,0,0,1,0,0,0,0,0,0,0,0,0,0,0,0,0,0,0,0,0,0,104,177.0064,22,20.25,1,0.75,1,55,6,6,5,1,0,0,0,1,0,0,0,0,0,322
1,6932,3,0,0,0,0,0,0,0,1,0,0,0,0,0,0,0,0,0,0,0,0,0,0,0,0,0,0,0,250,93.3182,9,7.5,7.5,0.5,1.75,29,0,0,3,0,0,0,0,0,0,0,0,0,1,126
1,6972,6,0,0,0,0,0,0,0,1,0,0,0,0,0,0,0,0,0,0,0,0,0,0,0,0,0,0,0,141,257.4507,25,19.5,1.25,1,1,9,0,0,5,1,0,0,0,1,0,0,0,0,0,409
1,7001,11,0,0,0,0,0,0,0,1,0,0,0,0,0,0,0,0,0,0,0,0,0,0,0,0,0,0,0,169,190.1433,12,12.25,2,0.75,1.25,34,3,0,5,1,0,0,0,1,0,0,0,0,0,735
1,6961,3,0,0,0,0,0,0,0,0,1,0,0,0,0,0,0,0,0,0,0,0,0,0,0,0,0,0,0,99,124.7072,21,16.25,7.75,1,1.75,13,2,1,5,1,0,0,0,1,0,0,0,0,0,357
1,6905,10,0,0,0,0,0,0,0,1,0,0,0,0,0,0,0,0,0,0,0,0,0,0,0,0,0,0,0,250,311.9697,23,27,1.25,0.5,1,6,1,2,3,1,0,0,0,1,0,0,0,0,0,179
1,6211,23,0,0,0,0,0,0,0,0,0,0,0,0,0,0,0,0,0,0,0,0,0,0,0,0,0,0,1,108,132.274,29,10.3333333333333,2.33333333333333,1,2.33333333333333,25,4,0,6,0,0,0,0,0,0,0,0,0,1,37
1,6190,38,0,0,0,0,0,0,0,0,0,0,0,0,0,0,0,0,0,0,0,0,0,0,0,0,0,0,1,82,96.1223,28,11.25,5,0.75,4.25,42,10,0,6,0,0,0,0,0,0,0,0,0,1,73
1,6209,11,0,0,0,0,0,0,0,0,0,0,0,0,0,0,0,0,0,0,0,0,0,0,0,0,0,0,1,101,60.3264,23,22,15.75,1,19.25,31,4,0,5,0,0,0,0,0,0,0,0,0,1,38
1,6219,12,0,0,0,0,0,0,0,0,0,0,0,0,0,0,0,0,0,0,0,0,0,0,0,0,0,0,1,146,95.4948,42,15,6,1,2.5,40,20,2,5,0,0,0,0,0,0,0,0,0,1,4
1,6191,24,0,0,0,0,0,0,0,0,0,0,0,0,0,0,0,0,0,0,0,0,0,0,0,0,0,0,1,82,59.4197,10,14.5,17.25,1.25,9,16,6,7,5,0,0,0,0,0,0,0,0,0,1,53
1,6256,16,0,0,0,0,0,0,0,0,0,0,0,0,0,0,0,0,0,0,0,0,0,0,0,0,0,0,1,142,67.182,28,6,6.5,1.25,1.5,24,10,3,5,0,0,0,0,0,0,0,0,0,1,0
1,6297,20,0,0,0,0,0,0,0,0,0,0,0,0,0,0,0,0,0,0,0,0,0,0,0,0,0,0,1,83,110.6094,33,30,4.75,1,1.25,28,1,3,6,0,0,0,0,0,0,0,0,0,1,438
1,6285,20,0,0,0,0,0,0,0,0,0,0,0,0,0,0,0,0,0,0,0,0,0,0,0,0,0,0,1,81,86.4132,20,28.25,17,1,11.25,33,10,0,5,0,0,0,0,0,0,0,0,0,1,84
1,6352,20,0,0,0,0,0,0,0,0,0,0,0,0,0,0,0,0,0,0,0,0,0,0,0,0,0,0,1,71,52.0331,19,15.25,8.25,1,2.25,13,0,0,6,0,0,0,0,0,0,0,0,0,1,405
1,6358,8,0,0,0,0,0,0,0,0,0,0,0,0,0,0,0,0,0,0,0,0,0,0,0,0,0,0,1,86,62.8692,11,13,14.25,1.25,7,18,2,0,1,0,0,0,0,0,0,0,0,0,1,380
1,6173,25,0,0,0,0,0,0,0,0,0,0,0,0,0,0,0,0,0,0,0,0,0,0,0,0,0,0,1,102,146.9272,29,34.5,16.5,1,8.25,29,5,1,5,0,0,0,0,0,0,0,0,0,1,199
1,6247,15,0,0,0,0,0,0,0,0,0,0,0,0,0,0,0,0,0,0,0,0,0,0,0,0,0,0,1,76,114.5464,33,31.5,6,1,1,19,1,0,6,0,0,0,0,0,0,0,0,0,1,334
1,6160,20,0,0,0,0,0,0,0,0,0,0,0,0,0,0,0,0,0,0,0,0,0,0,0,0,0,0,1,74,70.1993,15,17.75,11.75,1.25,4.25,9,0,0,5,0,0,0,0,0,0,0,0,0,1,122
1,6374,25,0,0,0,0,0,0,0,0,0,0,0,0,0,0,0,0,0,0,0,0,0,0,0,0,0,0,1,91,185.7324,36,28.75,2.75,1,2.25,12,2,2,2,0,0,0,0,0,0,0,0,0,1,200
1,6509,32,0,0,0,0,0,0,0,0,0,0,0,0,0,0,0,0,0,0,0,0,0,0,0,0,0,0,1,121,246.0041,40,23,2.25,1,2.75,24,2,3,6,0,0,0,0,0,0,0,0,0,1,572
1,6352,24,0,0,0,0,0,0,0,0,0,0,0,0,0,0,0,0,0,0,0,0,0,0,0,0,0,0,1,59,117.549,39,48.75,3.75,1,6.75,54,8,0,5,0,0,0,0,0,0,0,0,0,1,282
1,6238,21,0,0,0,0,0,0,0,0,0,0,0,0,0,0,0,0,0,0,0,0,0,0,0,0,0,0,1,78,98.9266,30,35.25,15.25,1,9.75,43,3,0,5,0,0,0,0,0,0,0,0,0,1,189
1,6328,35,0,0,0,0,0,0,0,0,0,0,0,0,0,0,0,0,0,0,0,0,0,0,0,0,0,0,1,73,184.1722,45,35.25,2.75,1,1.5,24,3,2,6,0,0,0,0,0,0,0,0,0,1,504
1,6184,16,0,0,0,0,0,0,0,0,0,0,0,0,0,0,0,0,0,0,0,0,0,0,0,0,0,0,1,93,108.1857,37,26.75,3,1,1,19,2,0,6,0,0,0,0,0,0,0,0,0,1,315
1,6095,16,0,0,0,0,0,0,0,0,0,0,0,0,0,0,0,0,0,0,0,0,0,0,0,0,1,0,0,155,76.2248,0,11,6.2,1.4,1,4,0,0,5,0,0,0,0,0,0,0,0,0,1,-609
1,6163,17,0,0,0,0,0,0,0,0,0,0,0,1,0,0,0,0,0,0,0,0,0,0,0,0,0,0,0,166,122.966,10,12.5,7.75,0.75,1,4,1,0,6,0,0,0,0,0,0,0,0,0,1,65
1,6140,7,0,0,0,0,0,1,0,0,0,0,0,0,0,0,0,0,0,0,0,0,0,0,0,0,0,0,0,115,60.0584,37,25.75,3.5,1,1.25,14,1,0,7,0,0,0,0,0,0,0,0,0,1,117
1,6106,18,0,0,0,0,0,0,0,0,0,0,0,1,0,0,0,0,0,0,0,0,0,0,0,0,0,0,0,112,46.0558,25,16.75,6.75,1,1.5,68,5,0,7,0,0,0,0,0,0,0,0,0,1,75
1,7285,20,0,0,0,0,0,1,0,0,0,0,0,0,0,0,0,0,0,0,0,0,0,0,0,0,0,0,0,51,78.8726,35,19.75,8,1,2.25,11,7,1,7,0,0,0,0,0,0,0,0,0,1,4547
1,7206,15,0,0,0,0,0,0,0,0,0,0,0,0,0,0,0,0,0,1,0,0,0,0,0,0,0,0,0,52,58.3716,16,14,28.25,1.5,8,11,6,1,3,0,0,0,0,0,0,0,0,0,1,4711
1,6361,22,0,0,0,0,0,1,0,0,0,0,0,0,0,0,0,0,0,0,0,0,0,0,0,0,0,0,0,266,107.2855,25,17.75,1.75,1.25,3.25,33,7,2,5,1,0,1,0,0,0,0,0,0,0,104
1,6300,25,0,0,0,0,0,1,0,0,0,0,0,0,0,0,0,0,0,0,0,0,0,0,0,0,0,0,0,170,153.4753,36,28.25,1.5,1.5,3,19,5,7,5,0,0,0,0,0,0,0,0,0,1,92
1,6066,18,0,0,0,0,0,1,0,0,0,0,0,0,0,0,0,0,0,0,0,0,0,0,0,0,0,0,0,275,52.7049,15,12.5,7.75,1,5.75,63,9,1,5,0,0,0,0,0,0,0,0,0,1,187
1,6928,40,0,0,0,0,0,1,0,0,0,0,0,0,0,0,0,0,0,0,0,0,0,0,0,0,0,0,0,210,76.0173,34,20,2.5,0.5,2,61,29,9,7,0,0,0,0,0,0,0,0,0,1,625
1,6687,8,0,0,0,0,0,0,1,0,0,0,0,0,0,0,0,0,0,0,0,0,0,0,0,0,0,0,0,119,36.6995,21,14,13.25,0.25,1.25,27,4,0,8,0,0,0,0,0,0,0,0,0,1,98
1,6793,12,0,0,0,0,0,0,1,0,0,0,0,0,0,0,0,0,0,0,0,0,0,0,0,0,0,0,0,172,161.4232,28,32.5,3.25,0,1.25,11,2,0,8,0,0,0,0,0,0,0,0,0,1,269
1,6760,16,0,0,0,0,0,1,0,0,0,0,0,0,0,0,0,0,0,0,0,0,0,0,0,0,0,0,0,210,117.7414,54,29.25,1.75,0,1.5,93,9,0,8,0,0,0,0,0,0,0,0,0,1,348
1,7000,34,0,0,0,0,0,1,0,0,0,0,0,0,0,0,0,0,0,0,0,0,0,0,0,0,0,0,0,165,184.733,53,29.25,1,0.25,3.5,70,13,11,7,0,0,0,0,0,0,0,0,0,1,710
1,6648,10,0,0,0,0,0,0,1,0,0,0,0,0,0,0,0,0,0,0,0,0,0,0,0,0,0,0,0,242,201.0598,22,25.25,5.5,0.5,1.25,26,0,1,7,1,1,0,0,0,0,0,0,0,0,374
1,6643,13,0,0,0,0,0,1,0,0,0,0,0,0,0,0,0,0,0,0,0,0,0,0,0,0,0,0,0,105,87.7793,34,26.25,8.75,0.75,1,15,2,0,7,0,0,0,0,0,0,0,0,0,1,244
1,6240,12,0,0,0,0,0,0,1,0,0,0,0,0,0,0,0,0,0,0,0,0,0,0,0,0,0,0,0,158,105.8577,40,23.5,5,1,8.25,32,5,5,7,0,0,0,0,0,0,0,0,0,1,24
1,6200,50,0,0,0,0,0,0,1,0,0,0,0,0,0,0,0,0,0,0,0,0,0,0,0,0,0,0,0,156,52.5358,28,13.5,5,1,5.75,14,2,1,7,0,0,0,0,0,0,0,0,0,1,42
1,6216,32,0,0,0,0,0,0,1,0,0,0,0,0,0,0,0,0,0,0,0,0,0,0,0,0,0,0,0,190,64.6895,11,8.75,6,1,2.5,6,0,1,7,0,0,0,0,0,0,0,0,0,1,7
1,6164,20,0,0,0,0,0,0,1,0,0,0,0,0,0,0,0,0,0,0,0,0,0,0,0,0,0,0,0,78,29.8058,19,8,14.75,1,2.5,13,1,0,7,0,0,0,0,0,0,0,0,0,1,2
1,6200,23,0,0,0,0,0,0,1,0,0,0,0,0,0,0,0,0,0,0,0,0,0,0,0,0,0,0,0,95,40.4,26,8,18.25,1,5.25,9,2,0,7,0,0,0,0,0,0,0,0,0,1,5
1,6195,27,0,0,0,0,0,0,1,0,0,0,0,0,0,0,0,0,0,0,0,0,0,0,0,0,0,0,0,162,116.7174,34,24.25,3.5,1,5.25,48,4,0,7,0,0,0,0,0,0,0,0,0,1,64
1,6220,27,0,0,0,0,0,0,1,0,0,0,0,0,0,0,0,0,0,0,0,0,0,0,0,0,0,0,0,185,66.8128,18,12.75,5.5,1,5.25,7,2,0,7,0,0,0,0,0,0,0,0,0,1,89
1,7365,18,0,0,0,0,0,0,0,0,0,0,0,0,0,0,0,0,0,1,0,0,0,0,0,0,0,0,0,46,81.0743,25,16.25,12,1,5,48,12,3,4,0,0,0,0,0,0,0,0,0,1,4465
1,7422,26,0,0,0,0,0,0,1,0,0,0,0,0,0,0,0,0,0,0,0,0,0,0,0,0,0,0,0,130,132.6497,48,36.25,3.25,1,1.5,89,7,0,7,0,0,0,0,0,0,0,0,0,1,4345
1,6034,36,0,0,0,0,0,1,0,0,0,0,0,0,0,0,0,0,0,0,0,0,0,0,0,0,0,0,0,152,47.3895,17,11.5,5.75,1,3.75,52,5,0,5,0,0,0,0,0,0,0,0,0,1,152
1,7075,30,0,0,0,0,0,1,0,0,0,0,0,0,0,0,0,0,0,0,0,0,0,0,0,0,0,0,0,158,151.7097,38,29.5,1,0.25,2.75,40,1,1,5,0,0,0,0,0,0,0,0,0,1,80
1,6920,12,0,0,0,0,0,0,0,0,0,0,0,1,0,0,0,0,0,0,0,0,0,0,0,0,0,0,0,100,193.8882,38,20.25,4,1,2.25,112,12,5,3,0,0,0,0,0,0,0,0,0,1,10
1,6822,35,0,0,0,0,0,0,0,0,0,0,0,0,0,0,0,0,0,0,0,0,1,0,0,0,0,0,0,250,203.7503,30,31.25,1.5,1,2.75,29,11,6,7,1,1,0,0,0,0,0,0,0,0,354
1,6759,30,0,0,0,0,0,1,0,0,0,0,0,0,0,0,0,0,0,0,0,0,0,0,0,0,0,0,0,295,248.1888,51,26.25,4.75,0,2,55,4,0,7,0,0,0,0,0,0,0,0,0,1,695
1,6721,10,0,0,0,0,0,1,0,0,0,0,0,0,0,0,0,0,0,0,0,0,0,0,0,0,0,0,0,133,183.5301,37,21.25,1.5,0.25,1.5,114,16,0,7,1,0,1,0,0,0,0,0,0,0,559
1,6647,12,0,0,0,0,0,1,0,0,0,0,0,0,0,0,0,0,0,0,0,0,0,0,0,0,0,0,0,142,152.8942,41,35,4.5,0,1,47,10,0,7,0,0,0,0,0,0,0,0,0,1,380
1,6789,14,0,0,0,0,0,1,0,0,0,0,0,0,0,0,0,0,0,0,0,0,0,0,0,0,0,0,0,118,138.8049,35,26.75,1,0.25,2.25,37,10,0,7,0,0,0,0,0,0,0,0,0,1,711
1,6702,8,0,0,0,0,0,0,1,0,0,0,0,0,0,0,0,0,0,0,0,0,0,0,0,0,0,0,0,115,132.7947,33,41.25,6.75,0,1,68,5,0,7,0,0,0,0,0,0,0,0,0,1,524
1,6749,15,0,0,0,0,0,1,0,0,0,0,0,0,0,0,0,0,0,0,0,0,0,0,0,0,0,0,0,162,200.1303,45,46.25,2,0,1,47,0,0,7,0,0,0,0,0,0,0,0,0,1,670
1,6798,10,0,0,0,0,0,0,0,0,0,0,0,1,0,0,0,0,0,0,0,0,0,0,0,0,0,0,0,85,116.2384,29,26.75,4,0,1.25,44,5,0,7,1,0,1,0,0,0,0,0,0,0,508
1,6739,11,0,0,0,0,0,0,1,0,0,0,0,0,0,0,0,0,0,0,0,0,0,0,0,0,0,0,0,147,46.8962,27,29,10.5,0,1.5,81,7,1,8,0,0,0,0,0,0,0,0,0,1,223
1,7042,45,0,0,0,0,0,0,0,0,0,0,0,1,0,0,0,0,0,0,0,0,0,0,0,0,0,0,0,205,144.8507,25,27,3.25,1,3.25,19,1,4,7,1,0,1,0,0,0,0,0,0,0,604
1,6783,21,0,0,0,0,0,0,0,0,0,0,0,0,0,0,0,0,0,0,0,0,0,1,0,0,0,0,0,167,127.2551,28,27.75,4.5,1,2.25,11,0,1,5,1,0,1,0,0,0,0,0,0,0,252
1,7009,15,0,0,0,0,0,0,0,0,0,0,0,0,0,0,0,0,0,0,0,0,0,1,0,0,0,0,0,318,189.6132,44,28.75,6,0.5,1.75,63,5,1,6,1,0,1,0,0,0,0,0,0,0,452
1,7104,40,0,0,0,0,0,0,0,0,0,0,0,0,0,0,0,0,0,0,0,0,0,1,0,0,0,0,0,198,209.2896,40,25.75,3.25,0.75,1.25,92,11,1,6,1,1,0,0,0,0,0,0,0,0,532
1,7133,20,0,0,0,0,0,0,0,0,0,0,0,0,0,0,0,0,0,0,0,0,0,1,0,0,0,0,0,392,205.1259,39,27.5,5.5,1.25,1,15,3,0,6,1,1,0,0,0,0,0,0,0,0,581
1,7270,30,0,0,0,0,0,0,0,0,0,0,0,0,0,0,0,0,0,0,0,0,0,1,0,0,0,0,0,272,157.6796,41,26,4,0.25,1.75,64,2,3,6,1,1,0,0,0,0,0,0,0,0,647
1,7464,17,0,0,0,0,0,0,1,0,0,0,0,0,0,0,0,0,0,0,0,0,0,0,0,0,0,0,0,265,130.212,32,23.5,7,0.25,1.5,20,4,0,6,1,1,0,0,0,0,0,0,0,0,557
1,6232,6,0,0,0,0,0,0,0,0,0,0,0,0,0,0,0,0,1,0,0,0,0,0,0,0,0,0,0,74,121.2416,38,32.25,2.25,1,7,78,8,2,4,0,0,0,0,0,0,0,0,0,1,363
1,6274,7,0,0,0,0,0,0,0,0,0,0,0,0,1,0,0,0,0,0,0,0,0,0,0,0,0,0,0,98,146.9936,15,36,1,0,8,16,0,0,5,0,0,0,0,0,0,0,0,0,1,390
1,6293,7,0,0,0,0,0,0,0,0,0,0,0,0,0,0,0,0,0,0,0,0,1,0,0,0,0,0,0,68,106.3133,30,25.5,1.25,0,17.75,53,7,0,4,0,0,0,0,0,0,0,0,0,1,414
1,6267,7,0,0,0,0,0,0,0,0,0,0,0,0,0,0,0,0,0,0,0,0,0,1,0,0,0,0,0,74,154.0999,42,24.25,1,0,21.25,13,7,3,5,0,0,0,0,0,0,0,0,0,1,632
1,6212,10,0,0,0,0,0,0,0,0,0,0,0,0,0,1,0,0,0,0,0,0,0,0,0,0,0,0,0,83,135.8516,35,28.5,1.75,1.5,5.5,42,13,5,3,0,0,0,0,0,0,0,0,0,1,422
1,6245,15,0,0,0,0,0,0,0,0,1,0,0,0,0,0,0,0,0,0,0,0,0,0,0,0,0,0,0,62,96.8137,25,22.75,3,1,4.75,92,45,12,4,0,0,0,0,0,0,0,0,0,1,521
1,6287,14,0,0,0,0,0,0,0,0,0,0,0,0,0,0,0,0,0,0,0,0,0,1,0,0,0,0,0,148,232.6701,63,40,1,0,7,14,0,0,5,0,0,0,0,0,0,0,0,0,1,445
1,6241,15,0,0,0,0,0,0,0,0,0,0,1,0,0,0,0,0,0,0,0,0,0,0,0,0,0,0,0,74,96.1954,36,19.8,1,0.8,7.8,37,3,3,4,0,0,0,0,0,0,0,0,0,1,152
1,6212,12,0,0,0,0,0,0,0,0,0,0,0,0,0,1,0,0,0,0,0,0,0,0,0,0,0,0,0,113,258.9241,34,27,15,1,13,43,6,3,3,1,0,0,0,0,0,0,0,1,0,372
1,6267,10,0,0,0,0,0,0,0,0,0,0,0,1,0,0,0,0,0,0,0,0,0,0,0,0,0,0,0,114,141.9659,34,29.25,1.25,0,16.25,19,2,0,5,1,0,0,0,1,0,0,0,0,0,459
1,6316,8,0,0,0,0,0,0,0,0,0,0,0,1,0,0,0,0,0,0,0,0,0,0,0,0,0,0,0,101,126.2759,35,22.4,1,0.2,12.4,27,4,2,5,1,0,0,0,1,0,0,0,0,0,514
1,6212,10,0,0,0,0,0,0,0,0,0,0,0,0,0,1,0,0,0,0,0,0,0,0,0,0,0,0,0,83,108.3834,41,25,1,1,4,17,2,0,3,1,0,0,0,0,0,0,0,1,0,417
1,6343,3,0,0,0,0,0,0,0,0,0,0,0,0,0,1,0,0,0,0,0,0,0,0,0,0,0,0,0,213,106.0295,21,19,2,0,17.75,27,13,6,2,0,0,0,0,0,0,0,0,0,1,144
1,6362,4,0,0,0,0,0,0,0,0,0,0,0,0,0,1,0,0,0,0,0,0,0,0,0,0,0,0,0,74,125.5223,32,26.5,1.75,0,12.5,44,11,3,3,0,0,0,0,0,0,0,0,0,1,119
1,6397,5,0,0,0,0,0,0,0,0,0,0,0,0,0,1,0,0,0,0,0,0,0,0,0,0,0,0,0,74,71.2096,24,14.25,1.25,0.25,6,27,2,2,3,0,0,0,0,0,0,0,0,0,1,48
